temp,atemp,hum,windspeed,day,month,year,season_1,season_2,season_3,season_4,yr_0,yr_1,mnth_1,mnth_2,mnth_3,mnth_4,mnth_5,mnth_6,mnth_7,mnth_8,mnth_9,mnth_10,mnth_11,mnth_12,holiday_0,holiday_1,weekday_0,weekday_1,weekday_2,weekday_3,weekday_4,weekday_5,weekday_6,workingday_0,workingday_1,weathersit_1,weathersit_2,weathersit_3,cnt
0.344167,0.363625,0.805833,0.160446,1,1,2011,1,0,0,0,1,0,1,0,0,0,0,0,0,0,0,0,0,0,1,0,0,0,0,0,0,0,1,1,0,0,1,0,985
0.363478,0.353739,0.696087,0.248539,2,1,2011,1,0,0,0,1,0,1,0,0,0,0,0,0,0,0,0,0,0,1,0,1,0,0,0,0,0,0,1,0,0,1,0,801
0.196364,0.189405,0.437273,0.248309,3,1,2011,1,0,0,0,1,0,1,0,0,0,0,0,0,0,0,0,0,0,1,0,0,1,0,0,0,0,0,0,1,1,0,0,1349
0.2,0.212122,0.590435,0.160296,4,1,2011,1,0,0,0,1,0,1,0,0,0,0,0,0,0,0,0,0,0,1,0,0,0,1,0,0,0,0,0,1,1,0,0,1562
0.226957,0.22927,0.436957,0.1869,5,1,2011,1,0,0,0,1,0,1,0,0,0,0,0,0,0,0,0,0,0,1,0,0,0,0,1,0,0,0,0,1,1,0,0,1600
0.204348,0.233209,0.518261,0.0895652,6,1,2011,1,0,0,0,1,0,1,0,0,0,0,0,0,0,0,0,0,0,1,0,0,0,0,0,1,0,0,0,1,1,0,0,1606
0.196522,0.208839,0.498696,0.168726,7,1,2011,1,0,0,0,1,0,1,0,0,0,0,0,0,0,0,0,0,0,1,0,0,0,0,0,0,1,0,0,1,0,1,0,1510
0.165,0.162254,0.535833,0.266804,8,1,2011,1,0,0,0,1,0,1,0,0,0,0,0,0,0,0,0,0,0,1,0,0,0,0,0,0,0,1,1,0,0,1,0,959
0.138333,0.116175,0.434167,0.36195,9,1,2011,1,0,0,0,1,0,1,0,0,0,0,0,0,0,0,0,0,0,1,0,1,0,0,0,0,0,0,1,0,1,0,0,822
0.150833,0.150888,0.482917,0.223267,10,1,2011,1,0,0,0,1,0,1,0,0,0,0,0,0,0,0,0,0,0,1,0,0,1,0,0,0,0,0,0,1,1,0,0,1321
0.169091,0.191464,0.686364,0.122132,11,1,2011,1,0,0,0,1,0,1,0,0,0,0,0,0,0,0,0,0,0,1,0,0,0,1,0,0,0,0,0,1,0,1,0,1263
0.172727,0.160473,0.599545,0.304627,12,1,2011,1,0,0,0,1,0,1,0,0,0,0,0,0,0,0,0,0,0,1,0,0,0,0,1,0,0,0,0,1,1,0,0,1162
0.165,0.150883,0.470417,0.301,13,1,2011,1,0,0,0,1,0,1,0,0,0,0,0,0,0,0,0,0,0,1,0,0,0,0,0,1,0,0,0,1,1,0,0,1406
0.16087,0.188413,0.537826,0.126548,14,1,2011,1,0,0,0,1,0,1,0,0,0,0,0,0,0,0,0,0,0,1,0,0,0,0,0,0,1,0,0,1,1,0,0,1421
0.233333,0.248112,0.49875,0.157963,15,1,2011,1,0,0,0,1,0,1,0,0,0,0,0,0,0,0,0,0,0,1,0,0,0,0,0,0,0,1,1,0,0,1,0,1248
0.231667,0.234217,0.48375,0.188433,16,1,2011,1,0,0,0,1,0,1,0,0,0,0,0,0,0,0,0,0,0,1,0,1,0,0,0,0,0,0,1,0,1,0,0,1204
0.175833,0.176771,0.5375,0.194017,17,1,2011,1,0,0,0,1,0,1,0,0,0,0,0,0,0,0,0,0,0,0,1,0,1,0,0,0,0,0,1,0,0,1,0,1000
0.216667,0.232333,0.861667,0.146775,18,1,2011,1,0,0,0,1,0,1,0,0,0,0,0,0,0,0,0,0,0,1,0,0,0,1,0,0,0,0,0,1,0,1,0,683
0.292174,0.298422,0.741739,0.208317,19,1,2011,1,0,0,0,1,0,1,0,0,0,0,0,0,0,0,0,0,0,1,0,0,0,0,1,0,0,0,0,1,0,1,0,1650
0.261667,0.25505,0.538333,0.195904,20,1,2011,1,0,0,0,1,0,1,0,0,0,0,0,0,0,0,0,0,0,1,0,0,0,0,0,1,0,0,0,1,0,1,0,1927
0.1775,0.157833,0.457083,0.353242,21,1,2011,1,0,0,0,1,0,1,0,0,0,0,0,0,0,0,0,0,0,1,0,0,0,0,0,0,1,0,0,1,1,0,0,1543
0.0591304,0.0790696,0.4,0.17197,22,1,2011,1,0,0,0,1,0,1,0,0,0,0,0,0,0,0,0,0,0,1,0,0,0,0,0,0,0,1,1,0,1,0,0,981
0.0965217,0.0988391,0.436522,0.2466,23,1,2011,1,0,0,0,1,0,1,0,0,0,0,0,0,0,0,0,0,0,1,0,1,0,0,0,0,0,0,1,0,1,0,0,986
0.0973913,0.11793,0.491739,0.15833,24,1,2011,1,0,0,0,1,0,1,0,0,0,0,0,0,0,0,0,0,0,1,0,0,1,0,0,0,0,0,0,1,1,0,0,1416
0.223478,0.234526,0.616957,0.129796,25,1,2011,1,0,0,0,1,0,1,0,0,0,0,0,0,0,0,0,0,0,1,0,0,0,1,0,0,0,0,0,1,0,1,0,1985
0.2175,0.2036,0.8625,0.29385,26,1,2011,1,0,0,0,1,0,1,0,0,0,0,0,0,0,0,0,0,0,1,0,0,0,0,1,0,0,0,0,1,0,0,1,506
0.195,0.2197,0.6875,0.113837,27,1,2011,1,0,0,0,1,0,1,0,0,0,0,0,0,0,0,0,0,0,1,0,0,0,0,0,1,0,0,0,1,1,0,0,431
0.203478,0.223317,0.793043,0.1233,28,1,2011,1,0,0,0,1,0,1,0,0,0,0,0,0,0,0,0,0,0,1,0,0,0,0,0,0,1,0,0,1,0,1,0,1167
0.196522,0.212126,0.651739,0.145365,29,1,2011,1,0,0,0,1,0,1,0,0,0,0,0,0,0,0,0,0,0,1,0,0,0,0,0,0,0,1,1,0,1,0,0,1098
0.216522,0.250322,0.722174,0.0739826,30,1,2011,1,0,0,0,1,0,1,0,0,0,0,0,0,0,0,0,0,0,1,0,1,0,0,0,0,0,0,1,0,1,0,0,1096
0.180833,0.18625,0.60375,0.187192,31,1,2011,1,0,0,0,1,0,1,0,0,0,0,0,0,0,0,0,0,0,1,0,0,1,0,0,0,0,0,0,1,0,1,0,1501
0.192174,0.23453,0.829565,0.053213,1,2,2011,1,0,0,0,1,0,0,1,0,0,0,0,0,0,0,0,0,0,1,0,0,0,1,0,0,0,0,0,1,0,1,0,1360
0.26,0.254417,0.775417,0.264308,2,2,2011,1,0,0,0,1,0,0,1,0,0,0,0,0,0,0,0,0,0,1,0,0,0,0,1,0,0,0,0,1,0,1,0,1526
0.186957,0.177878,0.437826,0.277752,3,2,2011,1,0,0,0,1,0,0,1,0,0,0,0,0,0,0,0,0,0,1,0,0,0,0,0,1,0,0,0,1,1,0,0,1550
0.211304,0.228587,0.585217,0.127839,4,2,2011,1,0,0,0,1,0,0,1,0,0,0,0,0,0,0,0,0,0,1,0,0,0,0,0,0,1,0,0,1,0,1,0,1708
0.233333,0.243058,0.929167,0.161079,5,2,2011,1,0,0,0,1,0,0,1,0,0,0,0,0,0,0,0,0,0,1,0,0,0,0,0,0,0,1,1,0,0,1,0,1005
0.285833,0.291671,0.568333,0.1418,6,2,2011,1,0,0,0,1,0,0,1,0,0,0,0,0,0,0,0,0,0,1,0,1,0,0,0,0,0,0,1,0,1,0,0,1623
0.271667,0.303658,0.738333,0.0454083,7,2,2011,1,0,0,0,1,0,0,1,0,0,0,0,0,0,0,0,0,0,1,0,0,1,0,0,0,0,0,0,1,1,0,0,1712
0.220833,0.198246,0.537917,0.36195,8,2,2011,1,0,0,0,1,0,0,1,0,0,0,0,0,0,0,0,0,0,1,0,0,0,1,0,0,0,0,0,1,1,0,0,1530
0.134783,0.144283,0.494783,0.188839,9,2,2011,1,0,0,0,1,0,0,1,0,0,0,0,0,0,0,0,0,0,1,0,0,0,0,1,0,0,0,0,1,0,1,0,1605
0.144348,0.149548,0.437391,0.221935,10,2,2011,1,0,0,0,1,0,0,1,0,0,0,0,0,0,0,0,0,0,1,0,0,0,0,0,1,0,0,0,1,1,0,0,1538
0.189091,0.213509,0.506364,0.10855,11,2,2011,1,0,0,0,1,0,0,1,0,0,0,0,0,0,0,0,0,0,1,0,0,0,0,0,0,1,0,0,1,1,0,0,1746
0.2225,0.232954,0.544167,0.203367,12,2,2011,1,0,0,0,1,0,0,1,0,0,0,0,0,0,0,0,0,0,1,0,0,0,0,0,0,0,1,1,0,1,0,0,1472
0.316522,0.324113,0.457391,0.260883,13,2,2011,1,0,0,0,1,0,0,1,0,0,0,0,0,0,0,0,0,0,1,0,1,0,0,0,0,0,0,1,0,1,0,0,1589
0.415,0.39835,0.375833,0.417908,14,2,2011,1,0,0,0,1,0,0,1,0,0,0,0,0,0,0,0,0,0,1,0,0,1,0,0,0,0,0,0,1,1,0,0,1913
0.266087,0.254274,0.314348,0.291374,15,2,2011,1,0,0,0,1,0,0,1,0,0,0,0,0,0,0,0,0,0,1,0,0,0,1,0,0,0,0,0,1,1,0,0,1815
0.318261,0.3162,0.423478,0.251791,16,2,2011,1,0,0,0,1,0,0,1,0,0,0,0,0,0,0,0,0,0,1,0,0,0,0,1,0,0,0,0,1,1,0,0,2115
0.435833,0.428658,0.505,0.230104,17,2,2011,1,0,0,0,1,0,0,1,0,0,0,0,0,0,0,0,0,0,1,0,0,0,0,0,1,0,0,0,1,1,0,0,2475
0.521667,0.511983,0.516667,0.264925,18,2,2011,1,0,0,0,1,0,0,1,0,0,0,0,0,0,0,0,0,0,1,0,0,0,0,0,0,1,0,0,1,1,0,0,2927
0.399167,0.391404,0.187917,0.507463,19,2,2011,1,0,0,0,1,0,0,1,0,0,0,0,0,0,0,0,0,0,1,0,0,0,0,0,0,0,1,1,0,1,0,0,1635
0.285217,0.27733,0.407826,0.223235,20,2,2011,1,0,0,0,1,0,0,1,0,0,0,0,0,0,0,0,0,0,1,0,1,0,0,0,0,0,0,1,0,1,0,0,1812
0.303333,0.284075,0.605,0.307846,21,2,2011,1,0,0,0,1,0,0,1,0,0,0,0,0,0,0,0,0,0,0,1,0,1,0,0,0,0,0,1,0,0,1,0,1107
0.182222,0.186033,0.577778,0.195683,22,2,2011,1,0,0,0,1,0,0,1,0,0,0,0,0,0,0,0,0,0,1,0,0,0,1,0,0,0,0,0,1,1,0,0,1450
0.221739,0.245717,0.423043,0.094113,23,2,2011,1,0,0,0,1,0,0,1,0,0,0,0,0,0,0,0,0,0,1,0,0,0,0,1,0,0,0,0,1,1,0,0,1917
0.295652,0.289191,0.697391,0.250496,24,2,2011,1,0,0,0,1,0,0,1,0,0,0,0,0,0,0,0,0,0,1,0,0,0,0,0,1,0,0,0,1,0,1,0,1807
0.364348,0.350461,0.712174,0.346539,25,2,2011,1,0,0,0,1,0,0,1,0,0,0,0,0,0,0,0,0,0,1,0,0,0,0,0,0,1,0,0,1,0,1,0,1461
0.2825,0.282192,0.537917,0.186571,26,2,2011,1,0,0,0,1,0,0,1,0,0,0,0,0,0,0,0,0,0,1,0,0,0,0,0,0,0,1,1,0,1,0,0,1969
0.343478,0.351109,0.68,0.125248,27,2,2011,1,0,0,0,1,0,0,1,0,0,0,0,0,0,0,0,0,0,1,0,1,0,0,0,0,0,0,1,0,1,0,0,2402
0.407273,0.400118,0.876364,0.289686,28,2,2011,1,0,0,0,1,0,0,1,0,0,0,0,0,0,0,0,0,0,1,0,0,1,0,0,0,0,0,0,1,0,1,0,1446
0.266667,0.263879,0.535,0.216425,1,3,2011,1,0,0,0,1,0,0,0,1,0,0,0,0,0,0,0,0,0,1,0,0,0,1,0,0,0,0,0,1,1,0,0,1851
0.335,0.320071,0.449583,0.307833,2,3,2011,1,0,0,0,1,0,0,0,1,0,0,0,0,0,0,0,0,0,1,0,0,0,0,1,0,0,0,0,1,1,0,0,2134
0.198333,0.200133,0.318333,0.225754,3,3,2011,1,0,0,0,1,0,0,0,1,0,0,0,0,0,0,0,0,0,1,0,0,0,0,0,1,0,0,0,1,1,0,0,1685
0.261667,0.255679,0.610417,0.203346,4,3,2011,1,0,0,0,1,0,0,0,1,0,0,0,0,0,0,0,0,0,1,0,0,0,0,0,0,1,0,0,1,0,1,0,1944
0.384167,0.378779,0.789167,0.251871,5,3,2011,1,0,0,0,1,0,0,0,1,0,0,0,0,0,0,0,0,0,1,0,0,0,0,0,0,0,1,1,0,0,1,0,2077
0.376522,0.366252,0.948261,0.343287,6,3,2011,1,0,0,0,1,0,0,0,1,0,0,0,0,0,0,0,0,0,1,0,1,0,0,0,0,0,0,1,0,0,1,0,605
0.261739,0.238461,0.551304,0.341352,7,3,2011,1,0,0,0,1,0,0,0,1,0,0,0,0,0,0,0,0,0,1,0,0,1,0,0,0,0,0,0,1,1,0,0,1872
0.2925,0.3024,0.420833,0.12065,8,3,2011,1,0,0,0,1,0,0,0,1,0,0,0,0,0,0,0,0,0,1,0,0,0,1,0,0,0,0,0,1,1,0,0,2133
0.295833,0.286608,0.775417,0.22015,9,3,2011,1,0,0,0,1,0,0,0,1,0,0,0,0,0,0,0,0,0,1,0,0,0,0,1,0,0,0,0,1,0,1,0,1891
0.389091,0.385668,0.0,0.261877,10,3,2011,1,0,0,0,1,0,0,0,1,0,0,0,0,0,0,0,0,0,1,0,0,0,0,0,1,0,0,0,1,0,0,1,623
0.316522,0.305,0.649565,0.23297,11,3,2011,1,0,0,0,1,0,0,0,1,0,0,0,0,0,0,0,0,0,1,0,0,0,0,0,0,1,0,0,1,0,1,0,1977
0.329167,0.32575,0.594583,0.220775,12,3,2011,1,0,0,0,1,0,0,0,1,0,0,0,0,0,0,0,0,0,1,0,0,0,0,0,0,0,1,1,0,1,0,0,2132
0.384348,0.380091,0.527391,0.270604,13,3,2011,1,0,0,0,1,0,0,0,1,0,0,0,0,0,0,0,0,0,1,0,1,0,0,0,0,0,0,1,0,1,0,0,2417
0.325217,0.332,0.496957,0.136926,14,3,2011,1,0,0,0,1,0,0,0,1,0,0,0,0,0,0,0,0,0,1,0,0,1,0,0,0,0,0,0,1,1,0,0,2046
0.317391,0.318178,0.655652,0.184309,15,3,2011,1,0,0,0,1,0,0,0,1,0,0,0,0,0,0,0,0,0,1,0,0,0,1,0,0,0,0,0,1,0,1,0,2056
0.365217,0.36693,0.776522,0.203117,16,3,2011,1,0,0,0,1,0,0,0,1,0,0,0,0,0,0,0,0,0,1,0,0,0,0,1,0,0,0,0,1,0,1,0,2192
0.415,0.410333,0.602917,0.209579,17,3,2011,1,0,0,0,1,0,0,0,1,0,0,0,0,0,0,0,0,0,1,0,0,0,0,0,1,0,0,0,1,1,0,0,2744
0.54,0.527009,0.525217,0.231017,18,3,2011,1,0,0,0,1,0,0,0,1,0,0,0,0,0,0,0,0,0,1,0,0,0,0,0,0,1,0,0,1,1,0,0,3239
0.4725,0.466525,0.379167,0.368167,19,3,2011,1,0,0,0,1,0,0,0,1,0,0,0,0,0,0,0,0,0,1,0,0,0,0,0,0,0,1,1,0,1,0,0,3117
0.3325,0.32575,0.47375,0.207721,20,3,2011,1,0,0,0,1,0,0,0,1,0,0,0,0,0,0,0,0,0,1,0,1,0,0,0,0,0,0,1,0,1,0,0,2471
0.430435,0.409735,0.737391,0.288783,21,3,2011,0,1,0,0,1,0,0,0,1,0,0,0,0,0,0,0,0,0,1,0,0,1,0,0,0,0,0,0,1,0,1,0,2077
0.441667,0.440642,0.624583,0.22575,22,3,2011,0,1,0,0,1,0,0,0,1,0,0,0,0,0,0,0,0,0,1,0,0,0,1,0,0,0,0,0,1,1,0,0,2703
0.346957,0.337939,0.839565,0.234261,23,3,2011,0,1,0,0,1,0,0,0,1,0,0,0,0,0,0,0,0,0,1,0,0,0,0,1,0,0,0,0,1,0,1,0,2121
0.285,0.270833,0.805833,0.243787,24,3,2011,0,1,0,0,1,0,0,0,1,0,0,0,0,0,0,0,0,0,1,0,0,0,0,0,1,0,0,0,1,0,1,0,1865
0.264167,0.256312,0.495,0.230725,25,3,2011,0,1,0,0,1,0,0,0,1,0,0,0,0,0,0,0,0,0,1,0,0,0,0,0,0,1,0,0,1,1,0,0,2210
0.265833,0.257571,0.394167,0.209571,26,3,2011,0,1,0,0,1,0,0,0,1,0,0,0,0,0,0,0,0,0,1,0,0,0,0,0,0,0,1,1,0,1,0,0,2496
0.253043,0.250339,0.493913,0.1843,27,3,2011,0,1,0,0,1,0,0,0,1,0,0,0,0,0,0,0,0,0,1,0,1,0,0,0,0,0,0,1,0,0,1,0,1693
0.264348,0.257574,0.302174,0.212204,28,3,2011,0,1,0,0,1,0,0,0,1,0,0,0,0,0,0,0,0,0,1,0,0,1,0,0,0,0,0,0,1,1,0,0,2028
0.3025,0.292908,0.314167,0.226996,29,3,2011,0,1,0,0,1,0,0,0,1,0,0,0,0,0,0,0,0,0,1,0,0,0,1,0,0,0,0,0,1,1,0,0,2425
0.3,0.29735,0.646667,0.172888,30,3,2011,0,1,0,0,1,0,0,0,1,0,0,0,0,0,0,0,0,0,1,0,0,0,0,1,0,0,0,0,1,0,1,0,1536
0.268333,0.257575,0.918333,0.217646,31,3,2011,0,1,0,0,1,0,0,0,1,0,0,0,0,0,0,0,0,0,1,0,0,0,0,0,1,0,0,0,1,0,0,1,1685
0.3,0.283454,0.68625,0.258708,1,4,2011,0,1,0,0,1,0,0,0,0,1,0,0,0,0,0,0,0,0,1,0,0,0,0,0,0,1,0,0,1,0,1,0,2227
0.315,0.315637,0.65375,0.197146,2,4,2011,0,1,0,0,1,0,0,0,0,1,0,0,0,0,0,0,0,0,1,0,0,0,0,0,0,0,1,1,0,0,1,0,2252
0.378333,0.378767,0.48,0.182213,3,4,2011,0,1,0,0,1,0,0,0,0,1,0,0,0,0,0,0,0,0,1,0,1,0,0,0,0,0,0,1,0,1,0,0,3249
0.573333,0.542929,0.42625,0.385571,4,4,2011,0,1,0,0,1,0,0,0,0,1,0,0,0,0,0,0,0,0,1,0,0,1,0,0,0,0,0,0,1,1,0,0,3115
0.414167,0.39835,0.642083,0.388067,5,4,2011,0,1,0,0,1,0,0,0,0,1,0,0,0,0,0,0,0,0,1,0,0,0,1,0,0,0,0,0,1,0,1,0,1795
0.390833,0.387608,0.470833,0.263063,6,4,2011,0,1,0,0,1,0,0,0,0,1,0,0,0,0,0,0,0,0,1,0,0,0,0,1,0,0,0,0,1,1,0,0,2808
0.4375,0.433696,0.602917,0.162312,7,4,2011,0,1,0,0,1,0,0,0,0,1,0,0,0,0,0,0,0,0,1,0,0,0,0,0,1,0,0,0,1,1,0,0,3141
0.335833,0.324479,0.83625,0.226992,8,4,2011,0,1,0,0,1,0,0,0,0,1,0,0,0,0,0,0,0,0,1,0,0,0,0,0,0,1,0,0,1,0,1,0,1471
0.3425,0.341529,0.8775,0.133083,9,4,2011,0,1,0,0,1,0,0,0,0,1,0,0,0,0,0,0,0,0,1,0,0,0,0,0,0,0,1,1,0,0,1,0,2455
0.426667,0.426737,0.8575,0.146767,10,4,2011,0,1,0,0,1,0,0,0,0,1,0,0,0,0,0,0,0,0,1,0,1,0,0,0,0,0,0,1,0,0,1,0,2895
0.595652,0.565217,0.716956,0.324474,11,4,2011,0,1,0,0,1,0,0,0,0,1,0,0,0,0,0,0,0,0,1,0,0,1,0,0,0,0,0,0,1,0,1,0,3348
0.5025,0.493054,0.739167,0.274879,12,4,2011,0,1,0,0,1,0,0,0,0,1,0,0,0,0,0,0,0,0,1,0,0,0,1,0,0,0,0,0,1,0,1,0,2034
0.4125,0.417283,0.819167,0.250617,13,4,2011,0,1,0,0,1,0,0,0,0,1,0,0,0,0,0,0,0,0,1,0,0,0,0,1,0,0,0,0,1,0,1,0,2162
0.4675,0.462742,0.540417,0.1107,14,4,2011,0,1,0,0,1,0,0,0,0,1,0,0,0,0,0,0,0,0,1,0,0,0,0,0,1,0,0,0,1,1,0,0,3267
0.446667,0.441913,0.67125,0.226375,15,4,2011,0,1,0,0,1,0,0,0,0,1,0,0,0,0,0,0,0,0,0,1,0,0,0,0,0,1,0,1,0,1,0,0,3126
0.430833,0.425492,0.888333,0.340808,16,4,2011,0,1,0,0,1,0,0,0,0,1,0,0,0,0,0,0,0,0,1,0,0,0,0,0,0,0,1,1,0,0,0,1,795
0.456667,0.445696,0.479583,0.303496,17,4,2011,0,1,0,0,1,0,0,0,0,1,0,0,0,0,0,0,0,0,1,0,1,0,0,0,0,0,0,1,0,1,0,0,3744
0.5125,0.503146,0.5425,0.163567,18,4,2011,0,1,0,0,1,0,0,0,0,1,0,0,0,0,0,0,0,0,1,0,0,1,0,0,0,0,0,0,1,1,0,0,3429
0.505833,0.489258,0.665833,0.157971,19,4,2011,0,1,0,0,1,0,0,0,0,1,0,0,0,0,0,0,0,0,1,0,0,0,1,0,0,0,0,0,1,0,1,0,3204
0.595,0.564392,0.614167,0.241925,20,4,2011,0,1,0,0,1,0,0,0,0,1,0,0,0,0,0,0,0,0,1,0,0,0,0,1,0,0,0,0,1,1,0,0,3944
0.459167,0.453892,0.407083,0.325258,21,4,2011,0,1,0,0,1,0,0,0,0,1,0,0,0,0,0,0,0,0,1,0,0,0,0,0,1,0,0,0,1,1,0,0,4189
0.336667,0.321954,0.729583,0.219521,22,4,2011,0,1,0,0,1,0,0,0,0,1,0,0,0,0,0,0,0,0,1,0,0,0,0,0,0,1,0,0,1,0,1,0,1683
0.46,0.450121,0.887917,0.230725,23,4,2011,0,1,0,0,1,0,0,0,0,1,0,0,0,0,0,0,0,0,1,0,0,0,0,0,0,0,1,1,0,0,1,0,4036
0.581667,0.551763,0.810833,0.192175,24,4,2011,0,1,0,0,1,0,0,0,0,1,0,0,0,0,0,0,0,0,1,0,1,0,0,0,0,0,0,1,0,0,1,0,4191
0.606667,0.5745,0.776667,0.185333,25,4,2011,0,1,0,0,1,0,0,0,0,1,0,0,0,0,0,0,0,0,1,0,0,1,0,0,0,0,0,0,1,1,0,0,4073
0.631667,0.594083,0.729167,0.3265,26,4,2011,0,1,0,0,1,0,0,0,0,1,0,0,0,0,0,0,0,0,1,0,0,0,1,0,0,0,0,0,1,1,0,0,4400
0.62,0.575142,0.835417,0.3122,27,4,2011,0,1,0,0,1,0,0,0,0,1,0,0,0,0,0,0,0,0,1,0,0,0,0,1,0,0,0,0,1,0,1,0,3872
0.6175,0.578929,0.700833,0.320908,28,4,2011,0,1,0,0,1,0,0,0,0,1,0,0,0,0,0,0,0,0,1,0,0,0,0,0,1,0,0,0,1,0,1,0,4058
0.51,0.497463,0.457083,0.240063,29,4,2011,0,1,0,0,1,0,0,0,0,1,0,0,0,0,0,0,0,0,1,0,0,0,0,0,0,1,0,0,1,1,0,0,4595
0.4725,0.464021,0.503333,0.235075,30,4,2011,0,1,0,0,1,0,0,0,0,1,0,0,0,0,0,0,0,0,1,0,0,0,0,0,0,0,1,1,0,1,0,0,5312
0.451667,0.448204,0.762083,0.106354,1,5,2011,0,1,0,0,1,0,0,0,0,0,1,0,0,0,0,0,0,0,1,0,1,0,0,0,0,0,0,1,0,0,1,0,3351
0.549167,0.532833,0.73,0.183454,2,5,2011,0,1,0,0,1,0,0,0,0,0,1,0,0,0,0,0,0,0,1,0,0,1,0,0,0,0,0,0,1,0,1,0,4401
0.616667,0.582079,0.697083,0.342667,3,5,2011,0,1,0,0,1,0,0,0,0,0,1,0,0,0,0,0,0,0,1,0,0,0,1,0,0,0,0,0,1,0,1,0,4451
0.414167,0.40465,0.737083,0.328996,4,5,2011,0,1,0,0,1,0,0,0,0,0,1,0,0,0,0,0,0,0,1,0,0,0,0,1,0,0,0,0,1,0,1,0,2633
0.459167,0.441917,0.444167,0.295392,5,5,2011,0,1,0,0,1,0,0,0,0,0,1,0,0,0,0,0,0,0,1,0,0,0,0,0,1,0,0,0,1,1,0,0,4433
0.479167,0.474117,0.59,0.228246,6,5,2011,0,1,0,0,1,0,0,0,0,0,1,0,0,0,0,0,0,0,1,0,0,0,0,0,0,1,0,0,1,1,0,0,4608
0.52,0.512621,0.54125,0.16045,7,5,2011,0,1,0,0,1,0,0,0,0,0,1,0,0,0,0,0,0,0,1,0,0,0,0,0,0,0,1,1,0,1,0,0,4714
0.528333,0.518933,0.631667,0.0746375,8,5,2011,0,1,0,0,1,0,0,0,0,0,1,0,0,0,0,0,0,0,1,0,1,0,0,0,0,0,0,1,0,1,0,0,4333
0.5325,0.525246,0.58875,0.176,9,5,2011,0,1,0,0,1,0,0,0,0,0,1,0,0,0,0,0,0,0,1,0,0,1,0,0,0,0,0,0,1,1,0,0,4362
0.5325,0.522721,0.489167,0.115671,10,5,2011,0,1,0,0,1,0,0,0,0,0,1,0,0,0,0,0,0,0,1,0,0,0,1,0,0,0,0,0,1,1,0,0,4803
0.5425,0.5284,0.632917,0.120642,11,5,2011,0,1,0,0,1,0,0,0,0,0,1,0,0,0,0,0,0,0,1,0,0,0,0,1,0,0,0,0,1,1,0,0,4182
0.535,0.523363,0.7475,0.189667,12,5,2011,0,1,0,0,1,0,0,0,0,0,1,0,0,0,0,0,0,0,1,0,0,0,0,0,1,0,0,0,1,1,0,0,4864
0.5125,0.4943,0.863333,0.179725,13,5,2011,0,1,0,0,1,0,0,0,0,0,1,0,0,0,0,0,0,0,1,0,0,0,0,0,0,1,0,0,1,0,1,0,4105
0.520833,0.500629,0.9225,0.13495,14,5,2011,0,1,0,0,1,0,0,0,0,0,1,0,0,0,0,0,0,0,1,0,0,0,0,0,0,0,1,1,0,0,1,0,3409
0.5625,0.536,0.867083,0.152979,15,5,2011,0,1,0,0,1,0,0,0,0,0,1,0,0,0,0,0,0,0,1,0,1,0,0,0,0,0,0,1,0,0,1,0,4553
0.5775,0.550512,0.787917,0.126871,16,5,2011,0,1,0,0,1,0,0,0,0,0,1,0,0,0,0,0,0,0,1,0,0,1,0,0,0,0,0,0,1,1,0,0,3958
0.561667,0.538529,0.837917,0.277354,17,5,2011,0,1,0,0,1,0,0,0,0,0,1,0,0,0,0,0,0,0,1,0,0,0,1,0,0,0,0,0,1,0,1,0,4123
0.55,0.527158,0.87,0.201492,18,5,2011,0,1,0,0,1,0,0,0,0,0,1,0,0,0,0,0,0,0,1,0,0,0,0,1,0,0,0,0,1,0,1,0,3855
0.530833,0.510742,0.829583,0.108213,19,5,2011,0,1,0,0,1,0,0,0,0,0,1,0,0,0,0,0,0,0,1,0,0,0,0,0,1,0,0,0,1,0,1,0,4575
0.536667,0.529042,0.719583,0.125013,20,5,2011,0,1,0,0,1,0,0,0,0,0,1,0,0,0,0,0,0,0,1,0,0,0,0,0,0,1,0,0,1,1,0,0,4917
0.6025,0.571975,0.626667,0.12065,21,5,2011,0,1,0,0,1,0,0,0,0,0,1,0,0,0,0,0,0,0,1,0,0,0,0,0,0,0,1,1,0,1,0,0,5805
0.604167,0.5745,0.749583,0.148008,22,5,2011,0,1,0,0,1,0,0,0,0,0,1,0,0,0,0,0,0,0,1,0,1,0,0,0,0,0,0,1,0,1,0,0,4660
0.631667,0.590296,0.81,0.233842,23,5,2011,0,1,0,0,1,0,0,0,0,0,1,0,0,0,0,0,0,0,1,0,0,1,0,0,0,0,0,0,1,0,1,0,4274
0.66,0.604813,0.740833,0.207092,24,5,2011,0,1,0,0,1,0,0,0,0,0,1,0,0,0,0,0,0,0,1,0,0,0,1,0,0,0,0,0,1,0,1,0,4492
0.660833,0.615542,0.69625,0.154233,25,5,2011,0,1,0,0,1,0,0,0,0,0,1,0,0,0,0,0,0,0,1,0,0,0,0,1,0,0,0,0,1,1,0,0,4978
0.708333,0.654688,0.6775,0.199642,26,5,2011,0,1,0,0,1,0,0,0,0,0,1,0,0,0,0,0,0,0,1,0,0,0,0,0,1,0,0,0,1,1,0,0,4677
0.681667,0.637008,0.65375,0.240679,27,5,2011,0,1,0,0,1,0,0,0,0,0,1,0,0,0,0,0,0,0,1,0,0,0,0,0,0,1,0,0,1,1,0,0,4679
0.655833,0.612379,0.729583,0.230092,28,5,2011,0,1,0,0,1,0,0,0,0,0,1,0,0,0,0,0,0,0,1,0,0,0,0,0,0,0,1,1,0,1,0,0,4758
0.6675,0.61555,0.81875,0.213938,29,5,2011,0,1,0,0,1,0,0,0,0,0,1,0,0,0,0,0,0,0,1,0,1,0,0,0,0,0,0,1,0,1,0,0,4788
0.733333,0.671092,0.685,0.131225,30,5,2011,0,1,0,0,1,0,0,0,0,0,1,0,0,0,0,0,0,0,0,1,0,1,0,0,0,0,0,1,0,1,0,0,4098
0.775,0.725383,0.636667,0.111329,31,5,2011,0,1,0,0,1,0,0,0,0,0,1,0,0,0,0,0,0,0,1,0,0,0,1,0,0,0,0,0,1,1,0,0,3982
0.764167,0.720967,0.677083,0.207092,1,6,2011,0,1,0,0,1,0,0,0,0,0,0,1,0,0,0,0,0,0,1,0,0,0,0,1,0,0,0,0,1,0,1,0,3974
0.715,0.643942,0.305,0.292287,2,6,2011,0,1,0,0,1,0,0,0,0,0,0,1,0,0,0,0,0,0,1,0,0,0,0,0,1,0,0,0,1,1,0,0,4968
0.62,0.587133,0.354167,0.253121,3,6,2011,0,1,0,0,1,0,0,0,0,0,0,1,0,0,0,0,0,0,1,0,0,0,0,0,0,1,0,0,1,1,0,0,5312
0.635,0.594696,0.45625,0.123142,4,6,2011,0,1,0,0,1,0,0,0,0,0,0,1,0,0,0,0,0,0,1,0,0,0,0,0,0,0,1,1,0,1,0,0,5342
0.648333,0.616804,0.6525,0.138692,5,6,2011,0,1,0,0,1,0,0,0,0,0,0,1,0,0,0,0,0,0,1,0,1,0,0,0,0,0,0,1,0,0,1,0,4906
0.678333,0.621858,0.6,0.121896,6,6,2011,0,1,0,0,1,0,0,0,0,0,0,1,0,0,0,0,0,0,1,0,0,1,0,0,0,0,0,0,1,1,0,0,4548
0.7075,0.65595,0.597917,0.187808,7,6,2011,0,1,0,0,1,0,0,0,0,0,0,1,0,0,0,0,0,0,1,0,0,0,1,0,0,0,0,0,1,1,0,0,4833
0.775833,0.727279,0.622083,0.136817,8,6,2011,0,1,0,0,1,0,0,0,0,0,0,1,0,0,0,0,0,0,1,0,0,0,0,1,0,0,0,0,1,1,0,0,4401
0.808333,0.757579,0.568333,0.149883,9,6,2011,0,1,0,0,1,0,0,0,0,0,0,1,0,0,0,0,0,0,1,0,0,0,0,0,1,0,0,0,1,0,1,0,3915
0.755,0.703292,0.605,0.140554,10,6,2011,0,1,0,0,1,0,0,0,0,0,0,1,0,0,0,0,0,0,1,0,0,0,0,0,0,1,0,0,1,1,0,0,4586
0.725,0.678038,0.654583,0.15485,11,6,2011,0,1,0,0,1,0,0,0,0,0,0,1,0,0,0,0,0,0,1,0,0,0,0,0,0,0,1,1,0,1,0,0,4966
0.6925,0.643325,0.747917,0.163567,12,6,2011,0,1,0,0,1,0,0,0,0,0,0,1,0,0,0,0,0,0,1,0,1,0,0,0,0,0,0,1,0,1,0,0,4460
0.635,0.601654,0.494583,0.30535,13,6,2011,0,1,0,0,1,0,0,0,0,0,0,1,0,0,0,0,0,0,1,0,0,1,0,0,0,0,0,0,1,1,0,0,5020
0.604167,0.591546,0.507083,0.269283,14,6,2011,0,1,0,0,1,0,0,0,0,0,0,1,0,0,0,0,0,0,1,0,0,0,1,0,0,0,0,0,1,1,0,0,4891
0.626667,0.587754,0.471667,0.167912,15,6,2011,0,1,0,0,1,0,0,0,0,0,0,1,0,0,0,0,0,0,1,0,0,0,0,1,0,0,0,0,1,1,0,0,5180
0.628333,0.595346,0.688333,0.206471,16,6,2011,0,1,0,0,1,0,0,0,0,0,0,1,0,0,0,0,0,0,1,0,0,0,0,0,1,0,0,0,1,0,1,0,3767
0.649167,0.600383,0.735833,0.143029,17,6,2011,0,1,0,0,1,0,0,0,0,0,0,1,0,0,0,0,0,0,1,0,0,0,0,0,0,1,0,0,1,1,0,0,4844
0.696667,0.643954,0.670417,0.119408,18,6,2011,0,1,0,0,1,0,0,0,0,0,0,1,0,0,0,0,0,0,1,0,0,0,0,0,0,0,1,1,0,1,0,0,5119
0.699167,0.645846,0.666667,0.102,19,6,2011,0,1,0,0,1,0,0,0,0,0,0,1,0,0,0,0,0,0,1,0,1,0,0,0,0,0,0,1,0,0,1,0,4744
0.635,0.595346,0.74625,0.155475,20,6,2011,0,1,0,0,1,0,0,0,0,0,0,1,0,0,0,0,0,0,1,0,0,1,0,0,0,0,0,0,1,0,1,0,4010
0.680833,0.637646,0.770417,0.171025,21,6,2011,0,0,1,0,1,0,0,0,0,0,0,1,0,0,0,0,0,0,1,0,0,0,1,0,0,0,0,0,1,0,1,0,4835
0.733333,0.693829,0.7075,0.172262,22,6,2011,0,0,1,0,1,0,0,0,0,0,0,1,0,0,0,0,0,0,1,0,0,0,0,1,0,0,0,0,1,1,0,0,4507
0.728333,0.693833,0.703333,0.238804,23,6,2011,0,0,1,0,1,0,0,0,0,0,0,1,0,0,0,0,0,0,1,0,0,0,0,0,1,0,0,0,1,0,1,0,4790
0.724167,0.656583,0.573333,0.222025,24,6,2011,0,0,1,0,1,0,0,0,0,0,0,1,0,0,0,0,0,0,1,0,0,0,0,0,0,1,0,0,1,1,0,0,4991
0.695,0.643313,0.483333,0.209571,25,6,2011,0,0,1,0,1,0,0,0,0,0,0,1,0,0,0,0,0,0,1,0,0,0,0,0,0,0,1,1,0,1,0,0,5202
0.68,0.637629,0.513333,0.0945333,26,6,2011,0,0,1,0,1,0,0,0,0,0,0,1,0,0,0,0,0,0,1,0,1,0,0,0,0,0,0,1,0,1,0,0,5305
0.6825,0.637004,0.658333,0.107588,27,6,2011,0,0,1,0,1,0,0,0,0,0,0,1,0,0,0,0,0,0,1,0,0,1,0,0,0,0,0,0,1,0,1,0,4708
0.744167,0.692558,0.634167,0.144283,28,6,2011,0,0,1,0,1,0,0,0,0,0,0,1,0,0,0,0,0,0,1,0,0,0,1,0,0,0,0,0,1,1,0,0,4648
0.728333,0.654688,0.497917,0.261821,29,6,2011,0,0,1,0,1,0,0,0,0,0,0,1,0,0,0,0,0,0,1,0,0,0,0,1,0,0,0,0,1,1,0,0,5225
0.696667,0.637008,0.434167,0.185312,30,6,2011,0,0,1,0,1,0,0,0,0,0,0,1,0,0,0,0,0,0,1,0,0,0,0,0,1,0,0,0,1,1,0,0,5515
0.7225,0.652162,0.39625,0.102608,1,7,2011,0,0,1,0,1,0,0,0,0,0,0,0,1,0,0,0,0,0,1,0,0,0,0,0,0,1,0,0,1,1,0,0,5362
0.738333,0.667308,0.444583,0.115062,2,7,2011,0,0,1,0,1,0,0,0,0,0,0,0,1,0,0,0,0,0,1,0,0,0,0,0,0,0,1,1,0,1,0,0,5119
0.716667,0.668575,0.6825,0.228858,3,7,2011,0,0,1,0,1,0,0,0,0,0,0,0,1,0,0,0,0,0,1,0,1,0,0,0,0,0,0,1,0,0,1,0,4649
0.726667,0.665417,0.637917,0.0814792,4,7,2011,0,0,1,0,1,0,0,0,0,0,0,0,1,0,0,0,0,0,0,1,0,1,0,0,0,0,0,1,0,0,1,0,6043
0.746667,0.696338,0.590417,0.126258,5,7,2011,0,0,1,0,1,0,0,0,0,0,0,0,1,0,0,0,0,0,1,0,0,0,1,0,0,0,0,0,1,1,0,0,4665
0.72,0.685633,0.743333,0.149883,6,7,2011,0,0,1,0,1,0,0,0,0,0,0,0,1,0,0,0,0,0,1,0,0,0,0,1,0,0,0,0,1,1,0,0,4629
0.75,0.686871,0.65125,0.1592,7,7,2011,0,0,1,0,1,0,0,0,0,0,0,0,1,0,0,0,0,0,1,0,0,0,0,0,1,0,0,0,1,1,0,0,4592
0.709167,0.670483,0.757917,0.225129,8,7,2011,0,0,1,0,1,0,0,0,0,0,0,0,1,0,0,0,0,0,1,0,0,0,0,0,0,1,0,0,1,0,1,0,4040
0.733333,0.664158,0.609167,0.167912,9,7,2011,0,0,1,0,1,0,0,0,0,0,0,0,1,0,0,0,0,0,1,0,0,0,0,0,0,0,1,1,0,1,0,0,5336
0.7475,0.690025,0.578333,0.183471,10,7,2011,0,0,1,0,1,0,0,0,0,0,0,0,1,0,0,0,0,0,1,0,1,0,0,0,0,0,0,1,0,1,0,0,4881
0.7625,0.729804,0.635833,0.282337,11,7,2011,0,0,1,0,1,0,0,0,0,0,0,0,1,0,0,0,0,0,1,0,0,1,0,0,0,0,0,0,1,1,0,0,4086
0.794167,0.739275,0.559167,0.200254,12,7,2011,0,0,1,0,1,0,0,0,0,0,0,0,1,0,0,0,0,0,1,0,0,0,1,0,0,0,0,0,1,1,0,0,4258
0.746667,0.689404,0.631667,0.146133,13,7,2011,0,0,1,0,1,0,0,0,0,0,0,0,1,0,0,0,0,0,1,0,0,0,0,1,0,0,0,0,1,1,0,0,4342
0.680833,0.635104,0.47625,0.240667,14,7,2011,0,0,1,0,1,0,0,0,0,0,0,0,1,0,0,0,0,0,1,0,0,0,0,0,1,0,0,0,1,1,0,0,5084
0.663333,0.624371,0.59125,0.182833,15,7,2011,0,0,1,0,1,0,0,0,0,0,0,0,1,0,0,0,0,0,1,0,0,0,0,0,0,1,0,0,1,1,0,0,5538
0.686667,0.638263,0.585,0.208342,16,7,2011,0,0,1,0,1,0,0,0,0,0,0,0,1,0,0,0,0,0,1,0,0,0,0,0,0,0,1,1,0,1,0,0,5923
0.719167,0.669833,0.604167,0.245033,17,7,2011,0,0,1,0,1,0,0,0,0,0,0,0,1,0,0,0,0,0,1,0,1,0,0,0,0,0,0,1,0,1,0,0,5302
0.746667,0.703925,0.65125,0.215804,18,7,2011,0,0,1,0,1,0,0,0,0,0,0,0,1,0,0,0,0,0,1,0,0,1,0,0,0,0,0,0,1,1,0,0,4458
0.776667,0.747479,0.650417,0.1306,19,7,2011,0,0,1,0,1,0,0,0,0,0,0,0,1,0,0,0,0,0,1,0,0,0,1,0,0,0,0,0,1,1,0,0,4541
0.768333,0.74685,0.707083,0.113817,20,7,2011,0,0,1,0,1,0,0,0,0,0,0,0,1,0,0,0,0,0,1,0,0,0,0,1,0,0,0,0,1,1,0,0,4332
0.815,0.826371,0.69125,0.222021,21,7,2011,0,0,1,0,1,0,0,0,0,0,0,0,1,0,0,0,0,0,1,0,0,0,0,0,1,0,0,0,1,0,1,0,3784
0.848333,0.840896,0.580417,0.1331,22,7,2011,0,0,1,0,1,0,0,0,0,0,0,0,1,0,0,0,0,0,1,0,0,0,0,0,0,1,0,0,1,1,0,0,3387
0.849167,0.804287,0.5,0.131221,23,7,2011,0,0,1,0,1,0,0,0,0,0,0,0,1,0,0,0,0,0,1,0,0,0,0,0,0,0,1,1,0,1,0,0,3285
0.83,0.794829,0.550833,0.169171,24,7,2011,0,0,1,0,1,0,0,0,0,0,0,0,1,0,0,0,0,0,1,0,1,0,0,0,0,0,0,1,0,1,0,0,3606
0.743333,0.720958,0.757083,0.0908083,25,7,2011,0,0,1,0,1,0,0,0,0,0,0,0,1,0,0,0,0,0,1,0,0,1,0,0,0,0,0,0,1,1,0,0,3840
0.771667,0.696979,0.540833,0.200258,26,7,2011,0,0,1,0,1,0,0,0,0,0,0,0,1,0,0,0,0,0,1,0,0,0,1,0,0,0,0,0,1,1,0,0,4590
0.775,0.690667,0.402917,0.183463,27,7,2011,0,0,1,0,1,0,0,0,0,0,0,0,1,0,0,0,0,0,1,0,0,0,0,1,0,0,0,0,1,1,0,0,4656
0.779167,0.7399,0.583333,0.178479,28,7,2011,0,0,1,0,1,0,0,0,0,0,0,0,1,0,0,0,0,0,1,0,0,0,0,0,1,0,0,0,1,1,0,0,4390
0.838333,0.785967,0.5425,0.174138,29,7,2011,0,0,1,0,1,0,0,0,0,0,0,0,1,0,0,0,0,0,1,0,0,0,0,0,0,1,0,0,1,1,0,0,3846
0.804167,0.728537,0.465833,0.168537,30,7,2011,0,0,1,0,1,0,0,0,0,0,0,0,1,0,0,0,0,0,1,0,0,0,0,0,0,0,1,1,0,1,0,0,4475
0.805833,0.729796,0.480833,0.164813,31,7,2011,0,0,1,0,1,0,0,0,0,0,0,0,1,0,0,0,0,0,1,0,1,0,0,0,0,0,0,1,0,1,0,0,4302
0.771667,0.703292,0.550833,0.156717,1,8,2011,0,0,1,0,1,0,0,0,0,0,0,0,0,1,0,0,0,0,1,0,0,1,0,0,0,0,0,0,1,1,0,0,4266
0.783333,0.707071,0.49125,0.20585,2,8,2011,0,0,1,0,1,0,0,0,0,0,0,0,0,1,0,0,0,0,1,0,0,0,1,0,0,0,0,0,1,1,0,0,4845
0.731667,0.679937,0.6575,0.135583,3,8,2011,0,0,1,0,1,0,0,0,0,0,0,0,0,1,0,0,0,0,1,0,0,0,0,1,0,0,0,0,1,0,1,0,3574
0.71,0.664788,0.7575,0.19715,4,8,2011,0,0,1,0,1,0,0,0,0,0,0,0,0,1,0,0,0,0,1,0,0,0,0,0,1,0,0,0,1,0,1,0,4576
0.710833,0.656567,0.630833,0.184696,5,8,2011,0,0,1,0,1,0,0,0,0,0,0,0,0,1,0,0,0,0,1,0,0,0,0,0,0,1,0,0,1,1,0,0,4866
0.716667,0.676154,0.755,0.22825,6,8,2011,0,0,1,0,1,0,0,0,0,0,0,0,0,1,0,0,0,0,1,0,0,0,0,0,0,0,1,1,0,0,1,0,4294
0.7425,0.715292,0.752917,0.201487,7,8,2011,0,0,1,0,1,0,0,0,0,0,0,0,0,1,0,0,0,0,1,0,1,0,0,0,0,0,0,1,0,1,0,0,3785
0.765,0.703283,0.592083,0.192175,8,8,2011,0,0,1,0,1,0,0,0,0,0,0,0,0,1,0,0,0,0,1,0,0,1,0,0,0,0,0,0,1,1,0,0,4326
0.775,0.724121,0.570417,0.151121,9,8,2011,0,0,1,0,1,0,0,0,0,0,0,0,0,1,0,0,0,0,1,0,0,0,1,0,0,0,0,0,1,1,0,0,4602
0.766667,0.684983,0.424167,0.200258,10,8,2011,0,0,1,0,1,0,0,0,0,0,0,0,0,1,0,0,0,0,1,0,0,0,0,1,0,0,0,0,1,1,0,0,4780
0.7175,0.651521,0.42375,0.164796,11,8,2011,0,0,1,0,1,0,0,0,0,0,0,0,0,1,0,0,0,0,1,0,0,0,0,0,1,0,0,0,1,1,0,0,4792
0.708333,0.654042,0.415,0.125621,12,8,2011,0,0,1,0,1,0,0,0,0,0,0,0,0,1,0,0,0,0,1,0,0,0,0,0,0,1,0,0,1,1,0,0,4905
0.685833,0.645858,0.729583,0.211454,13,8,2011,0,0,1,0,1,0,0,0,0,0,0,0,0,1,0,0,0,0,1,0,0,0,0,0,0,0,1,1,0,0,1,0,4150
0.676667,0.624388,0.8175,0.222633,14,8,2011,0,0,1,0,1,0,0,0,0,0,0,0,0,1,0,0,0,0,1,0,1,0,0,0,0,0,0,1,0,0,1,0,3820
0.665833,0.616167,0.712083,0.208954,15,8,2011,0,0,1,0,1,0,0,0,0,0,0,0,0,1,0,0,0,0,1,0,0,1,0,0,0,0,0,0,1,1,0,0,4338
0.700833,0.645837,0.578333,0.236329,16,8,2011,0,0,1,0,1,0,0,0,0,0,0,0,0,1,0,0,0,0,1,0,0,0,1,0,0,0,0,0,1,1,0,0,4725
0.723333,0.666671,0.575417,0.143667,17,8,2011,0,0,1,0,1,0,0,0,0,0,0,0,0,1,0,0,0,0,1,0,0,0,0,1,0,0,0,0,1,1,0,0,4694
0.711667,0.662258,0.654583,0.233208,18,8,2011,0,0,1,0,1,0,0,0,0,0,0,0,0,1,0,0,0,0,1,0,0,0,0,0,1,0,0,0,1,1,0,0,3805
0.685,0.633221,0.722917,0.139308,19,8,2011,0,0,1,0,1,0,0,0,0,0,0,0,0,1,0,0,0,0,1,0,0,0,0,0,0,1,0,0,1,0,1,0,4153
0.6975,0.648996,0.674167,0.104467,20,8,2011,0,0,1,0,1,0,0,0,0,0,0,0,0,1,0,0,0,0,1,0,0,0,0,0,0,0,1,1,0,1,0,0,5191
0.710833,0.675525,0.77,0.248754,21,8,2011,0,0,1,0,1,0,0,0,0,0,0,0,0,1,0,0,0,0,1,0,1,0,0,0,0,0,0,1,0,1,0,0,3873
0.691667,0.638254,0.47,0.27675,22,8,2011,0,0,1,0,1,0,0,0,0,0,0,0,0,1,0,0,0,0,1,0,0,1,0,0,0,0,0,0,1,1,0,0,4758
0.640833,0.606067,0.455417,0.146763,23,8,2011,0,0,1,0,1,0,0,0,0,0,0,0,0,1,0,0,0,0,1,0,0,0,1,0,0,0,0,0,1,1,0,0,5895
0.673333,0.630692,0.605,0.253108,24,8,2011,0,0,1,0,1,0,0,0,0,0,0,0,0,1,0,0,0,0,1,0,0,0,0,1,0,0,0,0,1,1,0,0,5130
0.684167,0.645854,0.771667,0.210833,25,8,2011,0,0,1,0,1,0,0,0,0,0,0,0,0,1,0,0,0,0,1,0,0,0,0,0,1,0,0,0,1,0,1,0,3542
0.7,0.659733,0.76125,0.0839625,26,8,2011,0,0,1,0,1,0,0,0,0,0,0,0,0,1,0,0,0,0,1,0,0,0,0,0,0,1,0,0,1,1,0,0,4661
0.68,0.635556,0.85,0.375617,27,8,2011,0,0,1,0,1,0,0,0,0,0,0,0,0,1,0,0,0,0,1,0,0,0,0,0,0,0,1,1,0,0,1,0,1115
0.707059,0.647959,0.561765,0.304659,28,8,2011,0,0,1,0,1,0,0,0,0,0,0,0,0,1,0,0,0,0,1,0,1,0,0,0,0,0,0,1,0,1,0,0,4334
0.636667,0.607958,0.554583,0.159825,29,8,2011,0,0,1,0,1,0,0,0,0,0,0,0,0,1,0,0,0,0,1,0,0,1,0,0,0,0,0,0,1,1,0,0,4634
0.639167,0.594704,0.548333,0.125008,30,8,2011,0,0,1,0,1,0,0,0,0,0,0,0,0,1,0,0,0,0,1,0,0,0,1,0,0,0,0,0,1,1,0,0,5204
0.656667,0.611121,0.597917,0.0833333,31,8,2011,0,0,1,0,1,0,0,0,0,0,0,0,0,1,0,0,0,0,1,0,0,0,0,1,0,0,0,0,1,1,0,0,5058
0.655,0.614921,0.639167,0.141796,1,9,2011,0,0,1,0,1,0,0,0,0,0,0,0,0,0,1,0,0,0,1,0,0,0,0,0,1,0,0,0,1,1,0,0,5115
0.643333,0.604808,0.727083,0.139929,2,9,2011,0,0,1,0,1,0,0,0,0,0,0,0,0,0,1,0,0,0,1,0,0,0,0,0,0,1,0,0,1,0,1,0,4727
0.669167,0.633213,0.716667,0.185325,3,9,2011,0,0,1,0,1,0,0,0,0,0,0,0,0,0,1,0,0,0,1,0,0,0,0,0,0,0,1,1,0,1,0,0,4484
0.709167,0.665429,0.742083,0.206467,4,9,2011,0,0,1,0,1,0,0,0,0,0,0,0,0,0,1,0,0,0,1,0,1,0,0,0,0,0,0,1,0,1,0,0,4940
0.673333,0.625646,0.790417,0.212696,5,9,2011,0,0,1,0,1,0,0,0,0,0,0,0,0,0,1,0,0,0,0,1,0,1,0,0,0,0,0,1,0,0,1,0,3351
0.54,0.5152,0.886957,0.343943,6,9,2011,0,0,1,0,1,0,0,0,0,0,0,0,0,0,1,0,0,0,1,0,0,0,1,0,0,0,0,0,1,0,0,1,2710
0.599167,0.544229,0.917083,0.0970208,7,9,2011,0,0,1,0,1,0,0,0,0,0,0,0,0,0,1,0,0,0,1,0,0,0,0,1,0,0,0,0,1,0,0,1,1996
0.633913,0.555361,0.939565,0.192748,8,9,2011,0,0,1,0,1,0,0,0,0,0,0,0,0,0,1,0,0,0,1,0,0,0,0,0,1,0,0,0,1,0,0,1,1842
0.65,0.578946,0.897917,0.124379,9,9,2011,0,0,1,0,1,0,0,0,0,0,0,0,0,0,1,0,0,0,1,0,0,0,0,0,0,1,0,0,1,0,1,0,3544
0.66,0.607962,0.75375,0.153608,10,9,2011,0,0,1,0,1,0,0,0,0,0,0,0,0,0,1,0,0,0,1,0,0,0,0,0,0,0,1,1,0,1,0,0,5345
0.653333,0.609229,0.71375,0.115054,11,9,2011,0,0,1,0,1,0,0,0,0,0,0,0,0,0,1,0,0,0,1,0,1,0,0,0,0,0,0,1,0,1,0,0,5046
0.644348,0.60213,0.692174,0.088913,12,9,2011,0,0,1,0,1,0,0,0,0,0,0,0,0,0,1,0,0,0,1,0,0,1,0,0,0,0,0,0,1,1,0,0,4713
0.650833,0.603554,0.7125,0.141804,13,9,2011,0,0,1,0,1,0,0,0,0,0,0,0,0,0,1,0,0,0,1,0,0,0,1,0,0,0,0,0,1,1,0,0,4763
0.673333,0.6269,0.697083,0.1673,14,9,2011,0,0,1,0,1,0,0,0,0,0,0,0,0,0,1,0,0,0,1,0,0,0,0,1,0,0,0,0,1,1,0,0,4785
0.5775,0.553671,0.709167,0.271146,15,9,2011,0,0,1,0,1,0,0,0,0,0,0,0,0,0,1,0,0,0,1,0,0,0,0,0,1,0,0,0,1,0,1,0,3659
0.469167,0.461475,0.590417,0.164183,16,9,2011,0,0,1,0,1,0,0,0,0,0,0,0,0,0,1,0,0,0,1,0,0,0,0,0,0,1,0,0,1,0,1,0,4760
0.491667,0.478512,0.718333,0.189675,17,9,2011,0,0,1,0,1,0,0,0,0,0,0,0,0,0,1,0,0,0,1,0,0,0,0,0,0,0,1,1,0,0,1,0,4511
0.5075,0.490537,0.695,0.178483,18,9,2011,0,0,1,0,1,0,0,0,0,0,0,0,0,0,1,0,0,0,1,0,1,0,0,0,0,0,0,1,0,1,0,0,4274
0.549167,0.529675,0.69,0.151742,19,9,2011,0,0,1,0,1,0,0,0,0,0,0,0,0,0,1,0,0,0,1,0,0,1,0,0,0,0,0,0,1,0,1,0,4539
0.561667,0.532217,0.88125,0.134954,20,9,2011,0,0,1,0,1,0,0,0,0,0,0,0,0,0,1,0,0,0,1,0,0,0,1,0,0,0,0,0,1,0,1,0,3641
0.595,0.550533,0.9,0.0964042,21,9,2011,0,0,1,0,1,0,0,0,0,0,0,0,0,0,1,0,0,0,1,0,0,0,0,1,0,0,0,0,1,0,1,0,4352
0.628333,0.554963,0.902083,0.128125,22,9,2011,0,0,1,0,1,0,0,0,0,0,0,0,0,0,1,0,0,0,1,0,0,0,0,0,1,0,0,0,1,0,1,0,4795
0.609167,0.522125,0.9725,0.0783667,23,9,2011,0,0,0,1,1,0,0,0,0,0,0,0,0,0,1,0,0,0,1,0,0,0,0,0,0,1,0,0,1,0,1,0,2395
0.606667,0.564412,0.8625,0.0783833,24,9,2011,0,0,0,1,1,0,0,0,0,0,0,0,0,0,1,0,0,0,1,0,0,0,0,0,0,0,1,1,0,0,1,0,5423
0.634167,0.572637,0.845,0.0503792,25,9,2011,0,0,0,1,1,0,0,0,0,0,0,0,0,0,1,0,0,0,1,0,1,0,0,0,0,0,0,1,0,0,1,0,5010
0.649167,0.589042,0.848333,0.1107,26,9,2011,0,0,0,1,1,0,0,0,0,0,0,0,0,0,1,0,0,0,1,0,0,1,0,0,0,0,0,0,1,0,1,0,4630
0.636667,0.574525,0.885417,0.118171,27,9,2011,0,0,0,1,1,0,0,0,0,0,0,0,0,0,1,0,0,0,1,0,0,0,1,0,0,0,0,0,1,0,1,0,4120
0.635,0.575158,0.84875,0.148629,28,9,2011,0,0,0,1,1,0,0,0,0,0,0,0,0,0,1,0,0,0,1,0,0,0,0,1,0,0,0,0,1,0,1,0,3907
0.616667,0.574512,0.699167,0.172883,29,9,2011,0,0,0,1,1,0,0,0,0,0,0,0,0,0,1,0,0,0,1,0,0,0,0,0,1,0,0,0,1,1,0,0,4839
0.564167,0.544829,0.6475,0.206475,30,9,2011,0,0,0,1,1,0,0,0,0,0,0,0,0,0,1,0,0,0,1,0,0,0,0,0,0,1,0,0,1,1,0,0,5202
0.41,0.412863,0.75375,0.292296,1,10,2011,0,0,0,1,1,0,0,0,0,0,0,0,0,0,0,1,0,0,1,0,0,0,0,0,0,0,1,1,0,0,1,0,2429
0.356667,0.345317,0.791667,0.222013,2,10,2011,0,0,0,1,1,0,0,0,0,0,0,0,0,0,0,1,0,0,1,0,1,0,0,0,0,0,0,1,0,0,1,0,2918
0.384167,0.392046,0.760833,0.0833458,3,10,2011,0,0,0,1,1,0,0,0,0,0,0,0,0,0,0,1,0,0,1,0,0,1,0,0,0,0,0,0,1,0,1,0,3570
0.484167,0.472858,0.71,0.205854,4,10,2011,0,0,0,1,1,0,0,0,0,0,0,0,0,0,0,1,0,0,1,0,0,0,1,0,0,0,0,0,1,1,0,0,4456
0.538333,0.527138,0.647917,0.17725,5,10,2011,0,0,0,1,1,0,0,0,0,0,0,0,0,0,0,1,0,0,1,0,0,0,0,1,0,0,0,0,1,1,0,0,4826
0.494167,0.480425,0.620833,0.134954,6,10,2011,0,0,0,1,1,0,0,0,0,0,0,0,0,0,0,1,0,0,1,0,0,0,0,0,1,0,0,0,1,1,0,0,4765
0.510833,0.504404,0.684167,0.0223917,7,10,2011,0,0,0,1,1,0,0,0,0,0,0,0,0,0,0,1,0,0,1,0,0,0,0,0,0,1,0,0,1,1,0,0,4985
0.521667,0.513242,0.70125,0.0454042,8,10,2011,0,0,0,1,1,0,0,0,0,0,0,0,0,0,0,1,0,0,1,0,0,0,0,0,0,0,1,1,0,1,0,0,5409
0.540833,0.523983,0.7275,0.06345,9,10,2011,0,0,0,1,1,0,0,0,0,0,0,0,0,0,0,1,0,0,1,0,1,0,0,0,0,0,0,1,0,1,0,0,5511
0.570833,0.542925,0.73375,0.0423042,10,10,2011,0,0,0,1,1,0,0,0,0,0,0,0,0,0,0,1,0,0,0,1,0,1,0,0,0,0,0,1,0,1,0,0,5117
0.566667,0.546096,0.80875,0.143042,11,10,2011,0,0,0,1,1,0,0,0,0,0,0,0,0,0,0,1,0,0,1,0,0,0,1,0,0,0,0,0,1,0,1,0,4563
0.543333,0.517717,0.90625,0.24815,12,10,2011,0,0,0,1,1,0,0,0,0,0,0,0,0,0,0,1,0,0,1,0,0,0,0,1,0,0,0,0,1,0,0,1,2416
0.589167,0.551804,0.896667,0.141787,13,10,2011,0,0,0,1,1,0,0,0,0,0,0,0,0,0,0,1,0,0,1,0,0,0,0,0,1,0,0,0,1,0,1,0,2913
0.550833,0.529675,0.71625,0.223883,14,10,2011,0,0,0,1,1,0,0,0,0,0,0,0,0,0,0,1,0,0,1,0,0,0,0,0,0,1,0,0,1,0,1,0,3644
0.506667,0.498725,0.483333,0.258083,15,10,2011,0,0,0,1,1,0,0,0,0,0,0,0,0,0,0,1,0,0,1,0,0,0,0,0,0,0,1,1,0,1,0,0,5217
0.511667,0.503154,0.486667,0.281717,16,10,2011,0,0,0,1,1,0,0,0,0,0,0,0,0,0,0,1,0,0,1,0,1,0,0,0,0,0,0,1,0,1,0,0,5041
0.534167,0.510725,0.579583,0.175379,17,10,2011,0,0,0,1,1,0,0,0,0,0,0,0,0,0,0,1,0,0,1,0,0,1,0,0,0,0,0,0,1,1,0,0,4570
0.5325,0.522721,0.701667,0.110087,18,10,2011,0,0,0,1,1,0,0,0,0,0,0,0,0,0,0,1,0,0,1,0,0,0,1,0,0,0,0,0,1,0,1,0,4748
0.541739,0.513848,0.895217,0.243339,19,10,2011,0,0,0,1,1,0,0,0,0,0,0,0,0,0,0,1,0,0,1,0,0,0,0,1,0,0,0,0,1,0,0,1,2424
0.475833,0.466525,0.63625,0.422275,20,10,2011,0,0,0,1,1,0,0,0,0,0,0,0,0,0,0,1,0,0,1,0,0,0,0,0,1,0,0,0,1,1,0,0,4195
0.4275,0.423596,0.574167,0.221396,21,10,2011,0,0,0,1,1,0,0,0,0,0,0,0,0,0,0,1,0,0,1,0,0,0,0,0,0,1,0,0,1,1,0,0,4304
0.4225,0.425492,0.629167,0.0926667,22,10,2011,0,0,0,1,1,0,0,0,0,0,0,0,0,0,0,1,0,0,1,0,0,0,0,0,0,0,1,1,0,1,0,0,4308
0.421667,0.422333,0.74125,0.0995125,23,10,2011,0,0,0,1,1,0,0,0,0,0,0,0,0,0,0,1,0,0,1,0,1,0,0,0,0,0,0,1,0,1,0,0,4381
0.463333,0.457067,0.772083,0.118792,24,10,2011,0,0,0,1,1,0,0,0,0,0,0,0,0,0,0,1,0,0,1,0,0,1,0,0,0,0,0,0,1,1,0,0,4187
0.471667,0.463375,0.622917,0.166658,25,10,2011,0,0,0,1,1,0,0,0,0,0,0,0,0,0,0,1,0,0,1,0,0,0,1,0,0,0,0,0,1,1,0,0,4687
0.484167,0.472846,0.720417,0.148642,26,10,2011,0,0,0,1,1,0,0,0,0,0,0,0,0,0,0,1,0,0,1,0,0,0,0,1,0,0,0,0,1,0,1,0,3894
0.47,0.457046,0.812917,0.197763,27,10,2011,0,0,0,1,1,0,0,0,0,0,0,0,0,0,0,1,0,0,1,0,0,0,0,0,1,0,0,0,1,0,1,0,2659
0.330833,0.318812,0.585833,0.229479,28,10,2011,0,0,0,1,1,0,0,0,0,0,0,0,0,0,0,1,0,0,1,0,0,0,0,0,0,1,0,0,1,0,1,0,3747
0.254167,0.227913,0.8825,0.351371,29,10,2011,0,0,0,1,1,0,0,0,0,0,0,0,0,0,0,1,0,0,1,0,0,0,0,0,0,0,1,1,0,0,0,1,627
0.319167,0.321329,0.62375,0.176617,30,10,2011,0,0,0,1,1,0,0,0,0,0,0,0,0,0,0,1,0,0,1,0,1,0,0,0,0,0,0,1,0,1,0,0,3331
0.34,0.356063,0.703333,0.10635,31,10,2011,0,0,0,1,1,0,0,0,0,0,0,0,0,0,0,1,0,0,1,0,0,1,0,0,0,0,0,0,1,1,0,0,3669
0.400833,0.397088,0.68375,0.135571,1,11,2011,0,0,0,1,1,0,0,0,0,0,0,0,0,0,0,0,1,0,1,0,0,0,1,0,0,0,0,0,1,1,0,0,4068
0.3775,0.390133,0.71875,0.0820917,2,11,2011,0,0,0,1,1,0,0,0,0,0,0,0,0,0,0,0,1,0,1,0,0,0,0,1,0,0,0,0,1,1,0,0,4186
0.408333,0.405921,0.702083,0.136817,3,11,2011,0,0,0,1,1,0,0,0,0,0,0,0,0,0,0,0,1,0,1,0,0,0,0,0,1,0,0,0,1,1,0,0,3974
0.403333,0.403392,0.6225,0.271779,4,11,2011,0,0,0,1,1,0,0,0,0,0,0,0,0,0,0,0,1,0,1,0,0,0,0,0,0,1,0,0,1,0,1,0,4046
0.326667,0.323854,0.519167,0.189062,5,11,2011,0,0,0,1,1,0,0,0,0,0,0,0,0,0,0,0,1,0,1,0,0,0,0,0,0,0,1,1,0,1,0,0,3926
0.348333,0.362358,0.734583,0.0920542,6,11,2011,0,0,0,1,1,0,0,0,0,0,0,0,0,0,0,0,1,0,1,0,1,0,0,0,0,0,0,1,0,1,0,0,3649
0.395,0.400871,0.75875,0.057225,7,11,2011,0,0,0,1,1,0,0,0,0,0,0,0,0,0,0,0,1,0,1,0,0,1,0,0,0,0,0,0,1,1,0,0,4035
0.408333,0.412246,0.721667,0.0690375,8,11,2011,0,0,0,1,1,0,0,0,0,0,0,0,0,0,0,0,1,0,1,0,0,0,1,0,0,0,0,0,1,1,0,0,4205
0.4,0.409079,0.758333,0.0621958,9,11,2011,0,0,0,1,1,0,0,0,0,0,0,0,0,0,0,0,1,0,1,0,0,0,0,1,0,0,0,0,1,1,0,0,4109
0.38,0.373721,0.813333,0.189067,10,11,2011,0,0,0,1,1,0,0,0,0,0,0,0,0,0,0,0,1,0,1,0,0,0,0,0,1,0,0,0,1,0,1,0,2933
0.324167,0.306817,0.44625,0.314675,11,11,2011,0,0,0,1,1,0,0,0,0,0,0,0,0,0,0,0,1,0,0,1,0,0,0,0,0,1,0,1,0,1,0,0,3368
0.356667,0.357942,0.552917,0.212062,12,11,2011,0,0,0,1,1,0,0,0,0,0,0,0,0,0,0,0,1,0,1,0,0,0,0,0,0,0,1,1,0,1,0,0,4067
0.440833,0.43055,0.458333,0.281721,13,11,2011,0,0,0,1,1,0,0,0,0,0,0,0,0,0,0,0,1,0,1,0,1,0,0,0,0,0,0,1,0,1,0,0,3717
0.53,0.524612,0.587083,0.306596,14,11,2011,0,0,0,1,1,0,0,0,0,0,0,0,0,0,0,0,1,0,1,0,0,1,0,0,0,0,0,0,1,1,0,0,4486
0.53,0.507579,0.68875,0.199633,15,11,2011,0,0,0,1,1,0,0,0,0,0,0,0,0,0,0,0,1,0,1,0,0,0,1,0,0,0,0,0,1,0,1,0,4195
0.456667,0.451988,0.93,0.136829,16,11,2011,0,0,0,1,1,0,0,0,0,0,0,0,0,0,0,0,1,0,1,0,0,0,0,1,0,0,0,0,1,0,0,1,1817
0.341667,0.323221,0.575833,0.305362,17,11,2011,0,0,0,1,1,0,0,0,0,0,0,0,0,0,0,0,1,0,1,0,0,0,0,0,1,0,0,0,1,0,1,0,3053
0.274167,0.272721,0.41,0.168533,18,11,2011,0,0,0,1,1,0,0,0,0,0,0,0,0,0,0,0,1,0,1,0,0,0,0,0,0,1,0,0,1,1,0,0,3392
0.329167,0.324483,0.502083,0.224496,19,11,2011,0,0,0,1,1,0,0,0,0,0,0,0,0,0,0,0,1,0,1,0,0,0,0,0,0,0,1,1,0,1,0,0,3663
0.463333,0.457058,0.684583,0.18595,20,11,2011,0,0,0,1,1,0,0,0,0,0,0,0,0,0,0,0,1,0,1,0,1,0,0,0,0,0,0,1,0,0,1,0,3520
0.4475,0.445062,0.91,0.138054,21,11,2011,0,0,0,1,1,0,0,0,0,0,0,0,0,0,0,0,1,0,1,0,0,1,0,0,0,0,0,0,1,0,0,1,2765
0.416667,0.421696,0.9625,0.118792,22,11,2011,0,0,0,1,1,0,0,0,0,0,0,0,0,0,0,0,1,0,1,0,0,0,1,0,0,0,0,0,1,0,0,1,1607
0.440833,0.430537,0.757917,0.335825,23,11,2011,0,0,0,1,1,0,0,0,0,0,0,0,0,0,0,0,1,0,1,0,0,0,0,1,0,0,0,0,1,0,1,0,2566
0.373333,0.372471,0.549167,0.167304,24,11,2011,0,0,0,1,1,0,0,0,0,0,0,0,0,0,0,0,1,0,0,1,0,0,0,0,1,0,0,1,0,1,0,0,1495
0.375,0.380671,0.64375,0.0988958,25,11,2011,0,0,0,1,1,0,0,0,0,0,0,0,0,0,0,0,1,0,1,0,0,0,0,0,0,1,0,0,1,1,0,0,2792
0.375833,0.385087,0.681667,0.0684208,26,11,2011,0,0,0,1,1,0,0,0,0,0,0,0,0,0,0,0,1,0,1,0,0,0,0,0,0,0,1,1,0,1,0,0,3068
0.459167,0.4558,0.698333,0.208954,27,11,2011,0,0,0,1,1,0,0,0,0,0,0,0,0,0,0,0,1,0,1,0,1,0,0,0,0,0,0,1,0,1,0,0,3071
0.503478,0.490122,0.743043,0.142122,28,11,2011,0,0,0,1,1,0,0,0,0,0,0,0,0,0,0,0,1,0,1,0,0,1,0,0,0,0,0,0,1,1,0,0,3867
0.458333,0.451375,0.830833,0.258092,29,11,2011,0,0,0,1,1,0,0,0,0,0,0,0,0,0,0,0,1,0,1,0,0,0,1,0,0,0,0,0,1,0,1,0,2914
0.325,0.311221,0.613333,0.271158,30,11,2011,0,0,0,1,1,0,0,0,0,0,0,0,0,0,0,0,1,0,1,0,0,0,0,1,0,0,0,0,1,1,0,0,3613
0.3125,0.305554,0.524583,0.220158,1,12,2011,0,0,0,1,1,0,0,0,0,0,0,0,0,0,0,0,0,1,1,0,0,0,0,0,1,0,0,0,1,1,0,0,3727
0.314167,0.331433,0.625833,0.100754,2,12,2011,0,0,0,1,1,0,0,0,0,0,0,0,0,0,0,0,0,1,1,0,0,0,0,0,0,1,0,0,1,1,0,0,3940
0.299167,0.310604,0.612917,0.0957833,3,12,2011,0,0,0,1,1,0,0,0,0,0,0,0,0,0,0,0,0,1,1,0,0,0,0,0,0,0,1,1,0,1,0,0,3614
0.330833,0.3491,0.775833,0.0839583,4,12,2011,0,0,0,1,1,0,0,0,0,0,0,0,0,0,0,0,0,1,1,0,1,0,0,0,0,0,0,1,0,1,0,0,3485
0.385833,0.393925,0.827083,0.0622083,5,12,2011,0,0,0,1,1,0,0,0,0,0,0,0,0,0,0,0,0,1,1,0,0,1,0,0,0,0,0,0,1,0,1,0,3811
0.4625,0.4564,0.949583,0.232583,6,12,2011,0,0,0,1,1,0,0,0,0,0,0,0,0,0,0,0,0,1,1,0,0,0,1,0,0,0,0,0,1,0,0,1,2594
0.41,0.400246,0.970417,0.266175,7,12,2011,0,0,0,1,1,0,0,0,0,0,0,0,0,0,0,0,0,1,1,0,0,0,0,1,0,0,0,0,1,0,0,1,705
0.265833,0.256938,0.58,0.240058,8,12,2011,0,0,0,1,1,0,0,0,0,0,0,0,0,0,0,0,0,1,1,0,0,0,0,0,1,0,0,0,1,1,0,0,3322
0.290833,0.317542,0.695833,0.0827167,9,12,2011,0,0,0,1,1,0,0,0,0,0,0,0,0,0,0,0,0,1,1,0,0,0,0,0,0,1,0,0,1,1,0,0,3620
0.275,0.266412,0.5075,0.233221,10,12,2011,0,0,0,1,1,0,0,0,0,0,0,0,0,0,0,0,0,1,1,0,0,0,0,0,0,0,1,1,0,1,0,0,3190
0.220833,0.253154,0.49,0.0665417,11,12,2011,0,0,0,1,1,0,0,0,0,0,0,0,0,0,0,0,0,1,1,0,1,0,0,0,0,0,0,1,0,1,0,0,2743
0.238333,0.270196,0.670833,0.06345,12,12,2011,0,0,0,1,1,0,0,0,0,0,0,0,0,0,0,0,0,1,1,0,0,1,0,0,0,0,0,0,1,1,0,0,3310
0.2825,0.301138,0.59,0.14055,13,12,2011,0,0,0,1,1,0,0,0,0,0,0,0,0,0,0,0,0,1,1,0,0,0,1,0,0,0,0,0,1,1,0,0,3523
0.3175,0.338362,0.66375,0.0609583,14,12,2011,0,0,0,1,1,0,0,0,0,0,0,0,0,0,0,0,0,1,1,0,0,0,0,1,0,0,0,0,1,0,1,0,3740
0.4225,0.412237,0.634167,0.268042,15,12,2011,0,0,0,1,1,0,0,0,0,0,0,0,0,0,0,0,0,1,1,0,0,0,0,0,1,0,0,0,1,0,1,0,3709
0.375,0.359825,0.500417,0.260575,16,12,2011,0,0,0,1,1,0,0,0,0,0,0,0,0,0,0,0,0,1,1,0,0,0,0,0,0,1,0,0,1,0,1,0,3577
0.258333,0.249371,0.560833,0.243167,17,12,2011,0,0,0,1,1,0,0,0,0,0,0,0,0,0,0,0,0,1,1,0,0,0,0,0,0,0,1,1,0,0,1,0,2739
0.238333,0.245579,0.58625,0.169779,18,12,2011,0,0,0,1,1,0,0,0,0,0,0,0,0,0,0,0,0,1,1,0,1,0,0,0,0,0,0,1,0,1,0,0,2431
0.276667,0.280933,0.6375,0.172896,19,12,2011,0,0,0,1,1,0,0,0,0,0,0,0,0,0,0,0,0,1,1,0,0,1,0,0,0,0,0,0,1,1,0,0,3403
0.385833,0.396454,0.595417,0.0615708,20,12,2011,0,0,0,1,1,0,0,0,0,0,0,0,0,0,0,0,0,1,1,0,0,0,1,0,0,0,0,0,1,0,1,0,3750
0.428333,0.428017,0.858333,0.2214,21,12,2011,1,0,0,0,1,0,0,0,0,0,0,0,0,0,0,0,0,1,1,0,0,0,0,1,0,0,0,0,1,0,1,0,2660
0.423333,0.426121,0.7575,0.047275,22,12,2011,1,0,0,0,1,0,0,0,0,0,0,0,0,0,0,0,0,1,1,0,0,0,0,0,1,0,0,0,1,0,1,0,3068
0.373333,0.377513,0.68625,0.274246,23,12,2011,1,0,0,0,1,0,0,0,0,0,0,0,0,0,0,0,0,1,1,0,0,0,0,0,0,1,0,0,1,1,0,0,2209
0.3025,0.299242,0.5425,0.190304,24,12,2011,1,0,0,0,1,0,0,0,0,0,0,0,0,0,0,0,0,1,1,0,0,0,0,0,0,0,1,1,0,1,0,0,1011
0.274783,0.279961,0.681304,0.155091,25,12,2011,1,0,0,0,1,0,0,0,0,0,0,0,0,0,0,0,0,1,1,0,1,0,0,0,0,0,0,1,0,1,0,0,754
0.321739,0.315535,0.506957,0.239465,26,12,2011,1,0,0,0,1,0,0,0,0,0,0,0,0,0,0,0,0,1,0,1,0,1,0,0,0,0,0,1,0,1,0,0,1317
0.325,0.327633,0.7625,0.18845,27,12,2011,1,0,0,0,1,0,0,0,0,0,0,0,0,0,0,0,0,1,1,0,0,0,1,0,0,0,0,0,1,0,1,0,1162
0.29913,0.279974,0.503913,0.293961,28,12,2011,1,0,0,0,1,0,0,0,0,0,0,0,0,0,0,0,0,1,1,0,0,0,0,1,0,0,0,0,1,1,0,0,2302
0.248333,0.263892,0.574167,0.119412,29,12,2011,1,0,0,0,1,0,0,0,0,0,0,0,0,0,0,0,0,1,1,0,0,0,0,0,1,0,0,0,1,1,0,0,2423
0.311667,0.318812,0.636667,0.134337,30,12,2011,1,0,0,0,1,0,0,0,0,0,0,0,0,0,0,0,0,1,1,0,0,0,0,0,0,1,0,0,1,1,0,0,2999
0.41,0.414121,0.615833,0.220154,31,12,2011,1,0,0,0,1,0,0,0,0,0,0,0,0,0,0,0,0,1,1,0,0,0,0,0,0,0,1,1,0,1,0,0,2485
0.37,0.375621,0.6925,0.192167,1,1,2012,1,0,0,0,0,1,1,0,0,0,0,0,0,0,0,0,0,0,1,0,1,0,0,0,0,0,0,1,0,1,0,0,2294
0.273043,0.252304,0.381304,0.329665,2,1,2012,1,0,0,0,0,1,1,0,0,0,0,0,0,0,0,0,0,0,0,1,0,1,0,0,0,0,0,1,0,1,0,0,1951
0.15,0.126275,0.44125,0.365671,3,1,2012,1,0,0,0,0,1,1,0,0,0,0,0,0,0,0,0,0,0,1,0,0,0,1,0,0,0,0,0,1,1,0,0,2236
0.1075,0.119337,0.414583,0.1847,4,1,2012,1,0,0,0,0,1,1,0,0,0,0,0,0,0,0,0,0,0,1,0,0,0,0,1,0,0,0,0,1,0,1,0,2368
0.265833,0.278412,0.524167,0.129987,5,1,2012,1,0,0,0,0,1,1,0,0,0,0,0,0,0,0,0,0,0,1,0,0,0,0,0,1,0,0,0,1,1,0,0,3272
0.334167,0.340267,0.542083,0.167908,6,1,2012,1,0,0,0,0,1,1,0,0,0,0,0,0,0,0,0,0,0,1,0,0,0,0,0,0,1,0,0,1,1,0,0,4098
0.393333,0.390779,0.531667,0.174758,7,1,2012,1,0,0,0,0,1,1,0,0,0,0,0,0,0,0,0,0,0,1,0,0,0,0,0,0,0,1,1,0,1,0,0,4521
0.3375,0.340258,0.465,0.191542,8,1,2012,1,0,0,0,0,1,1,0,0,0,0,0,0,0,0,0,0,0,1,0,1,0,0,0,0,0,0,1,0,1,0,0,3425
0.224167,0.247479,0.701667,0.0989,9,1,2012,1,0,0,0,0,1,1,0,0,0,0,0,0,0,0,0,0,0,1,0,0,1,0,0,0,0,0,0,1,0,1,0,2376
0.308696,0.318826,0.646522,0.187552,10,1,2012,1,0,0,0,0,1,1,0,0,0,0,0,0,0,0,0,0,0,1,0,0,0,1,0,0,0,0,0,1,1,0,0,3598
0.274167,0.282821,0.8475,0.131221,11,1,2012,1,0,0,0,0,1,1,0,0,0,0,0,0,0,0,0,0,0,1,0,0,0,0,1,0,0,0,0,1,0,1,0,2177
0.3825,0.381938,0.802917,0.180967,12,1,2012,1,0,0,0,0,1,1,0,0,0,0,0,0,0,0,0,0,0,1,0,0,0,0,0,1,0,0,0,1,0,1,0,4097
0.274167,0.249362,0.5075,0.378108,13,1,2012,1,0,0,0,0,1,1,0,0,0,0,0,0,0,0,0,0,0,1,0,0,0,0,0,0,1,0,0,1,1,0,0,3214
0.18,0.183087,0.4575,0.187183,14,1,2012,1,0,0,0,0,1,1,0,0,0,0,0,0,0,0,0,0,0,1,0,0,0,0,0,0,0,1,1,0,1,0,0,2493
0.166667,0.161625,0.419167,0.251258,15,1,2012,1,0,0,0,0,1,1,0,0,0,0,0,0,0,0,0,0,0,1,0,1,0,0,0,0,0,0,1,0,1,0,0,2311
0.19,0.190663,0.5225,0.231358,16,1,2012,1,0,0,0,0,1,1,0,0,0,0,0,0,0,0,0,0,0,0,1,0,1,0,0,0,0,0,1,0,1,0,0,2298
0.373043,0.364278,0.716087,0.34913,17,1,2012,1,0,0,0,0,1,1,0,0,0,0,0,0,0,0,0,0,0,1,0,0,0,1,0,0,0,0,0,1,0,1,0,2935
0.303333,0.275254,0.443333,0.415429,18,1,2012,1,0,0,0,0,1,1,0,0,0,0,0,0,0,0,0,0,0,1,0,0,0,0,1,0,0,0,0,1,1,0,0,3376
0.19,0.190038,0.4975,0.220158,19,1,2012,1,0,0,0,0,1,1,0,0,0,0,0,0,0,0,0,0,0,1,0,0,0,0,0,1,0,0,0,1,1,0,0,3292
0.2175,0.220958,0.45,0.20275,20,1,2012,1,0,0,0,0,1,1,0,0,0,0,0,0,0,0,0,0,0,1,0,0,0,0,0,0,1,0,0,1,0,1,0,3163
0.173333,0.174875,0.83125,0.222642,21,1,2012,1,0,0,0,0,1,1,0,0,0,0,0,0,0,0,0,0,0,1,0,0,0,0,0,0,0,1,1,0,0,1,0,1301
0.1625,0.16225,0.79625,0.199638,22,1,2012,1,0,0,0,0,1,1,0,0,0,0,0,0,0,0,0,0,0,1,0,1,0,0,0,0,0,0,1,0,0,1,0,1977
0.218333,0.243058,0.91125,0.110708,23,1,2012,1,0,0,0,0,1,1,0,0,0,0,0,0,0,0,0,0,0,1,0,0,1,0,0,0,0,0,0,1,0,1,0,2432
0.3425,0.349108,0.835833,0.123767,24,1,2012,1,0,0,0,0,1,1,0,0,0,0,0,0,0,0,0,0,0,1,0,0,0,1,0,0,0,0,0,1,1,0,0,4339
0.294167,0.294821,0.64375,0.161071,25,1,2012,1,0,0,0,0,1,1,0,0,0,0,0,0,0,0,0,0,0,1,0,0,0,0,1,0,0,0,0,1,1,0,0,4270
0.341667,0.35605,0.769583,0.0733958,26,1,2012,1,0,0,0,0,1,1,0,0,0,0,0,0,0,0,0,0,0,1,0,0,0,0,0,1,0,0,0,1,0,1,0,4075
0.425,0.415383,0.74125,0.342667,27,1,2012,1,0,0,0,0,1,1,0,0,0,0,0,0,0,0,0,0,0,1,0,0,0,0,0,0,1,0,0,1,0,1,0,3456
0.315833,0.326379,0.543333,0.210829,28,1,2012,1,0,0,0,0,1,1,0,0,0,0,0,0,0,0,0,0,0,1,0,0,0,0,0,0,0,1,1,0,1,0,0,4023
0.2825,0.272721,0.31125,0.24005,29,1,2012,1,0,0,0,0,1,1,0,0,0,0,0,0,0,0,0,0,0,1,0,1,0,0,0,0,0,0,1,0,1,0,0,3243
0.269167,0.262625,0.400833,0.215792,30,1,2012,1,0,0,0,0,1,1,0,0,0,0,0,0,0,0,0,0,0,1,0,0,1,0,0,0,0,0,0,1,1,0,0,3624
0.39,0.381317,0.416667,0.261817,31,1,2012,1,0,0,0,0,1,1,0,0,0,0,0,0,0,0,0,0,0,1,0,0,0,1,0,0,0,0,0,1,1,0,0,4509
0.469167,0.466538,0.507917,0.189067,1,2,2012,1,0,0,0,0,1,0,1,0,0,0,0,0,0,0,0,0,0,1,0,0,0,0,1,0,0,0,0,1,1,0,0,4579
0.399167,0.398971,0.672917,0.187187,2,2,2012,1,0,0,0,0,1,0,1,0,0,0,0,0,0,0,0,0,0,1,0,0,0,0,0,1,0,0,0,1,0,1,0,3761
0.313333,0.309346,0.526667,0.178496,3,2,2012,1,0,0,0,0,1,0,1,0,0,0,0,0,0,0,0,0,0,1,0,0,0,0,0,0,1,0,0,1,1,0,0,4151
0.264167,0.272725,0.779583,0.121896,4,2,2012,1,0,0,0,0,1,0,1,0,0,0,0,0,0,0,0,0,0,1,0,0,0,0,0,0,0,1,1,0,0,1,0,2832
0.265833,0.264521,0.687917,0.175996,5,2,2012,1,0,0,0,0,1,0,1,0,0,0,0,0,0,0,0,0,0,1,0,1,0,0,0,0,0,0,1,0,0,1,0,2947
0.282609,0.296426,0.622174,0.1538,6,2,2012,1,0,0,0,0,1,0,1,0,0,0,0,0,0,0,0,0,0,1,0,0,1,0,0,0,0,0,0,1,1,0,0,3784
0.354167,0.361104,0.49625,0.147379,7,2,2012,1,0,0,0,0,1,0,1,0,0,0,0,0,0,0,0,0,0,1,0,0,0,1,0,0,0,0,0,1,1,0,0,4375
0.256667,0.266421,0.722917,0.133721,8,2,2012,1,0,0,0,0,1,0,1,0,0,0,0,0,0,0,0,0,0,1,0,0,0,0,1,0,0,0,0,1,0,1,0,2802
0.265,0.261988,0.562083,0.194037,9,2,2012,1,0,0,0,0,1,0,1,0,0,0,0,0,0,0,0,0,0,1,0,0,0,0,0,1,0,0,0,1,1,0,0,3830
0.280833,0.293558,0.54,0.116929,10,2,2012,1,0,0,0,0,1,0,1,0,0,0,0,0,0,0,0,0,0,1,0,0,0,0,0,0,1,0,0,1,0,1,0,3831
0.224167,0.210867,0.73125,0.289796,11,2,2012,1,0,0,0,0,1,0,1,0,0,0,0,0,0,0,0,0,0,1,0,0,0,0,0,0,0,1,1,0,0,0,1,2169
0.1275,0.101658,0.464583,0.409212,12,2,2012,1,0,0,0,0,1,0,1,0,0,0,0,0,0,0,0,0,0,1,0,1,0,0,0,0,0,0,1,0,1,0,0,1529
0.2225,0.227913,0.41125,0.167283,13,2,2012,1,0,0,0,0,1,0,1,0,0,0,0,0,0,0,0,0,0,1,0,0,1,0,0,0,0,0,0,1,1,0,0,3422
0.319167,0.333946,0.50875,0.141179,14,2,2012,1,0,0,0,0,1,0,1,0,0,0,0,0,0,0,0,0,0,1,0,0,0,1,0,0,0,0,0,1,0,1,0,3922
0.348333,0.351629,0.53125,0.1816,15,2,2012,1,0,0,0,0,1,0,1,0,0,0,0,0,0,0,0,0,0,1,0,0,0,0,1,0,0,0,0,1,1,0,0,4169
0.316667,0.330162,0.752917,0.091425,16,2,2012,1,0,0,0,0,1,0,1,0,0,0,0,0,0,0,0,0,0,1,0,0,0,0,0,1,0,0,0,1,0,1,0,3005
0.343333,0.351629,0.634583,0.205846,17,2,2012,1,0,0,0,0,1,0,1,0,0,0,0,0,0,0,0,0,0,1,0,0,0,0,0,0,1,0,0,1,1,0,0,4154
0.346667,0.355425,0.534583,0.190929,18,2,2012,1,0,0,0,0,1,0,1,0,0,0,0,0,0,0,0,0,0,1,0,0,0,0,0,0,0,1,1,0,1,0,0,4318
0.28,0.265788,0.515833,0.253112,19,2,2012,1,0,0,0,0,1,0,1,0,0,0,0,0,0,0,0,0,0,1,0,1,0,0,0,0,0,0,1,0,0,1,0,2689
0.28,0.273391,0.507826,0.229083,20,2,2012,1,0,0,0,0,1,0,1,0,0,0,0,0,0,0,0,0,0,0,1,0,1,0,0,0,0,0,1,0,1,0,0,3129
0.287826,0.295113,0.594348,0.205717,21,2,2012,1,0,0,0,0,1,0,1,0,0,0,0,0,0,0,0,0,0,1,0,0,0,1,0,0,0,0,0,1,1,0,0,3777
0.395833,0.392667,0.567917,0.234471,22,2,2012,1,0,0,0,0,1,0,1,0,0,0,0,0,0,0,0,0,0,1,0,0,0,0,1,0,0,0,0,1,1,0,0,4773
0.454167,0.444446,0.554583,0.190913,23,2,2012,1,0,0,0,0,1,0,1,0,0,0,0,0,0,0,0,0,0,1,0,0,0,0,0,1,0,0,0,1,1,0,0,5062
0.4075,0.410971,0.7375,0.237567,24,2,2012,1,0,0,0,0,1,0,1,0,0,0,0,0,0,0,0,0,0,1,0,0,0,0,0,0,1,0,0,1,0,1,0,3487
0.290833,0.255675,0.395833,0.421642,25,2,2012,1,0,0,0,0,1,0,1,0,0,0,0,0,0,0,0,0,0,1,0,0,0,0,0,0,0,1,1,0,1,0,0,2732
0.279167,0.268308,0.41,0.205229,26,2,2012,1,0,0,0,0,1,0,1,0,0,0,0,0,0,0,0,0,0,1,0,1,0,0,0,0,0,0,1,0,1,0,0,3389
0.366667,0.357954,0.490833,0.268033,27,2,2012,1,0,0,0,0,1,0,1,0,0,0,0,0,0,0,0,0,0,1,0,0,1,0,0,0,0,0,0,1,1,0,0,4322
0.359167,0.353525,0.395833,0.193417,28,2,2012,1,0,0,0,0,1,0,1,0,0,0,0,0,0,0,0,0,0,1,0,0,0,1,0,0,0,0,0,1,1,0,0,4363
0.344348,0.34847,0.804783,0.179117,29,2,2012,1,0,0,0,0,1,0,1,0,0,0,0,0,0,0,0,0,0,1,0,0,0,0,1,0,0,0,0,1,0,1,0,1834
0.485833,0.475371,0.615417,0.226987,1,3,2012,1,0,0,0,0,1,0,0,1,0,0,0,0,0,0,0,0,0,1,0,0,0,0,0,1,0,0,0,1,1,0,0,4990
0.353333,0.359842,0.657083,0.144904,2,3,2012,1,0,0,0,0,1,0,0,1,0,0,0,0,0,0,0,0,0,1,0,0,0,0,0,0,1,0,0,1,0,1,0,3194
0.414167,0.413492,0.62125,0.161079,3,3,2012,1,0,0,0,0,1,0,0,1,0,0,0,0,0,0,0,0,0,1,0,0,0,0,0,0,0,1,1,0,0,1,0,4066
0.325833,0.303021,0.403333,0.334571,4,3,2012,1,0,0,0,0,1,0,0,1,0,0,0,0,0,0,0,0,0,1,0,1,0,0,0,0,0,0,1,0,1,0,0,3423
0.243333,0.241171,0.50625,0.228858,5,3,2012,1,0,0,0,0,1,0,0,1,0,0,0,0,0,0,0,0,0,1,0,0,1,0,0,0,0,0,0,1,1,0,0,3333
0.258333,0.255042,0.456667,0.200875,6,3,2012,1,0,0,0,0,1,0,0,1,0,0,0,0,0,0,0,0,0,1,0,0,0,1,0,0,0,0,0,1,1,0,0,3956
0.404167,0.3851,0.513333,0.345779,7,3,2012,1,0,0,0,0,1,0,0,1,0,0,0,0,0,0,0,0,0,1,0,0,0,0,1,0,0,0,0,1,1,0,0,4916
0.5275,0.524604,0.5675,0.441563,8,3,2012,1,0,0,0,0,1,0,0,1,0,0,0,0,0,0,0,0,0,1,0,0,0,0,0,1,0,0,0,1,1,0,0,5382
0.410833,0.397083,0.407083,0.4148,9,3,2012,1,0,0,0,0,1,0,0,1,0,0,0,0,0,0,0,0,0,1,0,0,0,0,0,0,1,0,0,1,0,1,0,4569
0.2875,0.277767,0.350417,0.22575,10,3,2012,1,0,0,0,0,1,0,0,1,0,0,0,0,0,0,0,0,0,1,0,0,0,0,0,0,0,1,1,0,1,0,0,4118
0.361739,0.35967,0.476957,0.222587,11,3,2012,1,0,0,0,0,1,0,0,1,0,0,0,0,0,0,0,0,0,1,0,1,0,0,0,0,0,0,1,0,1,0,0,4911
0.466667,0.459592,0.489167,0.207713,12,3,2012,1,0,0,0,0,1,0,0,1,0,0,0,0,0,0,0,0,0,1,0,0,1,0,0,0,0,0,0,1,1,0,0,5298
0.565,0.542929,0.6175,0.23695,13,3,2012,1,0,0,0,0,1,0,0,1,0,0,0,0,0,0,0,0,0,1,0,0,0,1,0,0,0,0,0,1,1,0,0,5847
0.5725,0.548617,0.507083,0.115062,14,3,2012,1,0,0,0,0,1,0,0,1,0,0,0,0,0,0,0,0,0,1,0,0,0,0,1,0,0,0,0,1,1,0,0,6312
0.5575,0.532825,0.579583,0.149883,15,3,2012,1,0,0,0,0,1,0,0,1,0,0,0,0,0,0,0,0,0,1,0,0,0,0,0,1,0,0,0,1,1,0,0,6192
0.435833,0.436229,0.842083,0.113192,16,3,2012,1,0,0,0,0,1,0,0,1,0,0,0,0,0,0,0,0,0,1,0,0,0,0,0,0,1,0,0,1,0,1,0,4378
0.514167,0.505046,0.755833,0.110704,17,3,2012,1,0,0,0,0,1,0,0,1,0,0,0,0,0,0,0,0,0,1,0,0,0,0,0,0,0,1,1,0,0,1,0,7836
0.4725,0.464,0.81,0.126883,18,3,2012,1,0,0,0,0,1,0,0,1,0,0,0,0,0,0,0,0,0,1,0,1,0,0,0,0,0,0,1,0,0,1,0,5892
0.545,0.532821,0.72875,0.162317,19,3,2012,1,0,0,0,0,1,0,0,1,0,0,0,0,0,0,0,0,0,1,0,0,1,0,0,0,0,0,0,1,1,0,0,6153
0.560833,0.538533,0.807917,0.121271,20,3,2012,1,0,0,0,0,1,0,0,1,0,0,0,0,0,0,0,0,0,1,0,0,0,1,0,0,0,0,0,1,1,0,0,6093
0.531667,0.513258,0.82125,0.0895583,21,3,2012,0,1,0,0,0,1,0,0,1,0,0,0,0,0,0,0,0,0,1,0,0,0,0,1,0,0,0,0,1,0,1,0,6230
0.554167,0.531567,0.83125,0.117562,22,3,2012,0,1,0,0,0,1,0,0,1,0,0,0,0,0,0,0,0,0,1,0,0,0,0,0,1,0,0,0,1,1,0,0,6871
0.601667,0.570067,0.694167,0.1163,23,3,2012,0,1,0,0,0,1,0,0,1,0,0,0,0,0,0,0,0,0,1,0,0,0,0,0,0,1,0,0,1,0,1,0,8362
0.5025,0.486733,0.885417,0.192783,24,3,2012,0,1,0,0,0,1,0,0,1,0,0,0,0,0,0,0,0,0,1,0,0,0,0,0,0,0,1,1,0,0,1,0,3372
0.4375,0.437488,0.880833,0.220775,25,3,2012,0,1,0,0,0,1,0,0,1,0,0,0,0,0,0,0,0,0,1,0,1,0,0,0,0,0,0,1,0,0,1,0,4996
0.445833,0.43875,0.477917,0.386821,26,3,2012,0,1,0,0,0,1,0,0,1,0,0,0,0,0,0,0,0,0,1,0,0,1,0,0,0,0,0,0,1,1,0,0,5558
0.323333,0.315654,0.29,0.187192,27,3,2012,0,1,0,0,0,1,0,0,1,0,0,0,0,0,0,0,0,0,1,0,0,0,1,0,0,0,0,0,1,1,0,0,5102
0.484167,0.47095,0.48125,0.291671,28,3,2012,0,1,0,0,0,1,0,0,1,0,0,0,0,0,0,0,0,0,1,0,0,0,0,1,0,0,0,0,1,1,0,0,5698
0.494167,0.482304,0.439167,0.31965,29,3,2012,0,1,0,0,0,1,0,0,1,0,0,0,0,0,0,0,0,0,1,0,0,0,0,0,1,0,0,0,1,1,0,0,6133
0.37,0.375621,0.580833,0.138067,30,3,2012,0,1,0,0,0,1,0,0,1,0,0,0,0,0,0,0,0,0,1,0,0,0,0,0,0,1,0,0,1,0,1,0,5459
0.424167,0.421708,0.738333,0.250617,31,3,2012,0,1,0,0,0,1,0,0,1,0,0,0,0,0,0,0,0,0,1,0,0,0,0,0,0,0,1,1,0,0,1,0,6235
0.425833,0.417287,0.67625,0.172267,1,4,2012,0,1,0,0,0,1,0,0,0,1,0,0,0,0,0,0,0,0,1,0,1,0,0,0,0,0,0,1,0,0,1,0,6041
0.433913,0.427513,0.504348,0.312139,2,4,2012,0,1,0,0,0,1,0,0,0,1,0,0,0,0,0,0,0,0,1,0,0,1,0,0,0,0,0,0,1,1,0,0,5936
0.466667,0.461483,0.396667,0.100133,3,4,2012,0,1,0,0,0,1,0,0,0,1,0,0,0,0,0,0,0,0,1,0,0,0,1,0,0,0,0,0,1,1,0,0,6772
0.541667,0.53345,0.469583,0.180975,4,4,2012,0,1,0,0,0,1,0,0,0,1,0,0,0,0,0,0,0,0,1,0,0,0,0,1,0,0,0,0,1,1,0,0,6436
0.435,0.431163,0.374167,0.219529,5,4,2012,0,1,0,0,0,1,0,0,0,1,0,0,0,0,0,0,0,0,1,0,0,0,0,0,1,0,0,0,1,1,0,0,6457
0.403333,0.390767,0.377083,0.300388,6,4,2012,0,1,0,0,0,1,0,0,0,1,0,0,0,0,0,0,0,0,1,0,0,0,0,0,0,1,0,0,1,1,0,0,6460
0.4375,0.426129,0.254167,0.274871,7,4,2012,0,1,0,0,0,1,0,0,0,1,0,0,0,0,0,0,0,0,1,0,0,0,0,0,0,0,1,1,0,1,0,0,6857
0.5,0.492425,0.275833,0.232596,8,4,2012,0,1,0,0,0,1,0,0,0,1,0,0,0,0,0,0,0,0,1,0,1,0,0,0,0,0,0,1,0,1,0,0,5169
0.489167,0.476638,0.3175,0.358196,9,4,2012,0,1,0,0,0,1,0,0,0,1,0,0,0,0,0,0,0,0,1,0,0,1,0,0,0,0,0,0,1,1,0,0,5585
0.446667,0.436233,0.435,0.249375,10,4,2012,0,1,0,0,0,1,0,0,0,1,0,0,0,0,0,0,0,0,1,0,0,0,1,0,0,0,0,0,1,1,0,0,5918
0.348696,0.337274,0.469565,0.295274,11,4,2012,0,1,0,0,0,1,0,0,0,1,0,0,0,0,0,0,0,0,1,0,0,0,0,1,0,0,0,0,1,1,0,0,4862
0.3975,0.387604,0.46625,0.290429,12,4,2012,0,1,0,0,0,1,0,0,0,1,0,0,0,0,0,0,0,0,1,0,0,0,0,0,1,0,0,0,1,1,0,0,5409
0.4425,0.431808,0.408333,0.155471,13,4,2012,0,1,0,0,0,1,0,0,0,1,0,0,0,0,0,0,0,0,1,0,0,0,0,0,0,1,0,0,1,1,0,0,6398
0.495,0.487996,0.502917,0.190917,14,4,2012,0,1,0,0,0,1,0,0,0,1,0,0,0,0,0,0,0,0,1,0,0,0,0,0,0,0,1,1,0,1,0,0,7460
0.606667,0.573875,0.507917,0.225129,15,4,2012,0,1,0,0,0,1,0,0,0,1,0,0,0,0,0,0,0,0,1,0,1,0,0,0,0,0,0,1,0,1,0,0,7132
0.664167,0.614925,0.561667,0.284829,16,4,2012,0,1,0,0,0,1,0,0,0,1,0,0,0,0,0,0,0,0,0,1,0,1,0,0,0,0,0,1,0,1,0,0,6370
0.608333,0.598487,0.390417,0.273629,17,4,2012,0,1,0,0,0,1,0,0,0,1,0,0,0,0,0,0,0,0,1,0,0,0,1,0,0,0,0,0,1,1,0,0,6691
0.463333,0.457038,0.569167,0.167912,18,4,2012,0,1,0,0,0,1,0,0,0,1,0,0,0,0,0,0,0,0,1,0,0,0,0,1,0,0,0,0,1,0,1,0,4367
0.498333,0.493046,0.6125,0.0659292,19,4,2012,0,1,0,0,0,1,0,0,0,1,0,0,0,0,0,0,0,0,1,0,0,0,0,0,1,0,0,0,1,1,0,0,6565
0.526667,0.515775,0.694583,0.149871,20,4,2012,0,1,0,0,0,1,0,0,0,1,0,0,0,0,0,0,0,0,1,0,0,0,0,0,0,1,0,0,1,1,0,0,7290
0.57,0.542921,0.682917,0.283587,21,4,2012,0,1,0,0,0,1,0,0,0,1,0,0,0,0,0,0,0,0,1,0,0,0,0,0,0,0,1,1,0,1,0,0,6624
0.396667,0.389504,0.835417,0.344546,22,4,2012,0,1,0,0,0,1,0,0,0,1,0,0,0,0,0,0,0,0,1,0,1,0,0,0,0,0,0,1,0,0,0,1,1027
0.321667,0.301125,0.766667,0.303496,23,4,2012,0,1,0,0,0,1,0,0,0,1,0,0,0,0,0,0,0,0,1,0,0,1,0,0,0,0,0,0,1,0,1,0,3214
0.413333,0.405283,0.454167,0.249383,24,4,2012,0,1,0,0,0,1,0,0,0,1,0,0,0,0,0,0,0,0,1,0,0,0,1,0,0,0,0,0,1,1,0,0,5633
0.476667,0.470317,0.427917,0.118792,25,4,2012,0,1,0,0,0,1,0,0,0,1,0,0,0,0,0,0,0,0,1,0,0,0,0,1,0,0,0,0,1,1,0,0,6196
0.498333,0.483583,0.756667,0.176625,26,4,2012,0,1,0,0,0,1,0,0,0,1,0,0,0,0,0,0,0,0,1,0,0,0,0,0,1,0,0,0,1,0,1,0,5026
0.4575,0.452637,0.400833,0.347633,27,4,2012,0,1,0,0,0,1,0,0,0,1,0,0,0,0,0,0,0,0,1,0,0,0,0,0,0,1,0,0,1,1,0,0,6233
0.376667,0.377504,0.489583,0.129975,28,4,2012,0,1,0,0,0,1,0,0,0,1,0,0,0,0,0,0,0,0,1,0,0,0,0,0,0,0,1,1,0,0,1,0,4220
0.458333,0.450121,0.587083,0.116908,29,4,2012,0,1,0,0,0,1,0,0,0,1,0,0,0,0,0,0,0,0,1,0,1,0,0,0,0,0,0,1,0,1,0,0,6304
0.464167,0.457696,0.57,0.171638,30,4,2012,0,1,0,0,0,1,0,0,0,1,0,0,0,0,0,0,0,0,1,0,0,1,0,0,0,0,0,0,1,0,1,0,5572
0.613333,0.577021,0.659583,0.156096,1,5,2012,0,1,0,0,0,1,0,0,0,0,1,0,0,0,0,0,0,0,1,0,0,0,1,0,0,0,0,0,1,0,1,0,5740
0.564167,0.537896,0.797083,0.138058,2,5,2012,0,1,0,0,0,1,0,0,0,0,1,0,0,0,0,0,0,0,1,0,0,0,0,1,0,0,0,0,1,1,0,0,6169
0.56,0.537242,0.768333,0.133696,3,5,2012,0,1,0,0,0,1,0,0,0,0,1,0,0,0,0,0,0,0,1,0,0,0,0,0,1,0,0,0,1,0,1,0,6421
0.6275,0.590917,0.735417,0.162938,4,5,2012,0,1,0,0,0,1,0,0,0,0,1,0,0,0,0,0,0,0,1,0,0,0,0,0,0,1,0,0,1,1,0,0,6296
0.621667,0.584608,0.756667,0.152992,5,5,2012,0,1,0,0,0,1,0,0,0,0,1,0,0,0,0,0,0,0,1,0,0,0,0,0,0,0,1,1,0,0,1,0,6883
0.5625,0.546737,0.74,0.149879,6,5,2012,0,1,0,0,0,1,0,0,0,0,1,0,0,0,0,0,0,0,1,0,1,0,0,0,0,0,0,1,0,0,1,0,6359
0.5375,0.527142,0.664167,0.230721,7,5,2012,0,1,0,0,0,1,0,0,0,0,1,0,0,0,0,0,0,0,1,0,0,1,0,0,0,0,0,0,1,0,1,0,6273
0.581667,0.557471,0.685833,0.296029,8,5,2012,0,1,0,0,0,1,0,0,0,0,1,0,0,0,0,0,0,0,1,0,0,0,1,0,0,0,0,0,1,0,1,0,5728
0.575,0.553025,0.744167,0.216412,9,5,2012,0,1,0,0,0,1,0,0,0,0,1,0,0,0,0,0,0,0,1,0,0,0,0,1,0,0,0,0,1,0,1,0,4717
0.505833,0.491783,0.552083,0.314063,10,5,2012,0,1,0,0,0,1,0,0,0,0,1,0,0,0,0,0,0,0,1,0,0,0,0,0,1,0,0,0,1,1,0,0,6572
0.533333,0.520833,0.360417,0.236937,11,5,2012,0,1,0,0,0,1,0,0,0,0,1,0,0,0,0,0,0,0,1,0,0,0,0,0,0,1,0,0,1,1,0,0,7030
0.564167,0.544817,0.480417,0.123133,12,5,2012,0,1,0,0,0,1,0,0,0,0,1,0,0,0,0,0,0,0,1,0,0,0,0,0,0,0,1,1,0,1,0,0,7429
0.6125,0.585238,0.57625,0.225117,13,5,2012,0,1,0,0,0,1,0,0,0,0,1,0,0,0,0,0,0,0,1,0,1,0,0,0,0,0,0,1,0,1,0,0,6118
0.573333,0.5499,0.789583,0.212692,14,5,2012,0,1,0,0,0,1,0,0,0,0,1,0,0,0,0,0,0,0,1,0,0,1,0,0,0,0,0,0,1,0,1,0,2843
0.611667,0.576404,0.794583,0.147392,15,5,2012,0,1,0,0,0,1,0,0,0,0,1,0,0,0,0,0,0,0,1,0,0,0,1,0,0,0,0,0,1,0,1,0,5115
0.636667,0.595975,0.697917,0.122512,16,5,2012,0,1,0,0,0,1,0,0,0,0,1,0,0,0,0,0,0,0,1,0,0,0,0,1,0,0,0,0,1,1,0,0,7424
0.593333,0.572613,0.52,0.229475,17,5,2012,0,1,0,0,0,1,0,0,0,0,1,0,0,0,0,0,0,0,1,0,0,0,0,0,1,0,0,0,1,1,0,0,7384
0.564167,0.551121,0.523333,0.136817,18,5,2012,0,1,0,0,0,1,0,0,0,0,1,0,0,0,0,0,0,0,1,0,0,0,0,0,0,1,0,0,1,1,0,0,7639
0.6,0.566908,0.45625,0.083975,19,5,2012,0,1,0,0,0,1,0,0,0,0,1,0,0,0,0,0,0,0,1,0,0,0,0,0,0,0,1,1,0,1,0,0,8294
0.620833,0.583967,0.530417,0.254367,20,5,2012,0,1,0,0,0,1,0,0,0,0,1,0,0,0,0,0,0,0,1,0,1,0,0,0,0,0,0,1,0,1,0,0,7129
0.598333,0.565667,0.81125,0.233204,21,5,2012,0,1,0,0,0,1,0,0,0,0,1,0,0,0,0,0,0,0,1,0,0,1,0,0,0,0,0,0,1,0,1,0,4359
0.615,0.580825,0.765833,0.118167,22,5,2012,0,1,0,0,0,1,0,0,0,0,1,0,0,0,0,0,0,0,1,0,0,0,1,0,0,0,0,0,1,0,1,0,6073
0.621667,0.584612,0.774583,0.102,23,5,2012,0,1,0,0,0,1,0,0,0,0,1,0,0,0,0,0,0,0,1,0,0,0,0,1,0,0,0,0,1,0,1,0,5260
0.655,0.6067,0.716667,0.172896,24,5,2012,0,1,0,0,0,1,0,0,0,0,1,0,0,0,0,0,0,0,1,0,0,0,0,0,1,0,0,0,1,1,0,0,6770
0.68,0.627529,0.747083,0.14055,25,5,2012,0,1,0,0,0,1,0,0,0,0,1,0,0,0,0,0,0,0,1,0,0,0,0,0,0,1,0,0,1,1,0,0,6734
0.6925,0.642696,0.7325,0.198992,26,5,2012,0,1,0,0,0,1,0,0,0,0,1,0,0,0,0,0,0,0,1,0,0,0,0,0,0,0,1,1,0,1,0,0,6536
0.69,0.641425,0.697083,0.215171,27,5,2012,0,1,0,0,0,1,0,0,0,0,1,0,0,0,0,0,0,0,1,0,1,0,0,0,0,0,0,1,0,1,0,0,6591
0.7125,0.6793,0.67625,0.196521,28,5,2012,0,1,0,0,0,1,0,0,0,0,1,0,0,0,0,0,0,0,0,1,0,1,0,0,0,0,0,1,0,1,0,0,6043
0.7225,0.672992,0.684583,0.2954,29,5,2012,0,1,0,0,0,1,0,0,0,0,1,0,0,0,0,0,0,0,1,0,0,0,1,0,0,0,0,0,1,1,0,0,5743
0.656667,0.611129,0.67,0.134329,30,5,2012,0,1,0,0,0,1,0,0,0,0,1,0,0,0,0,0,0,0,1,0,0,0,0,1,0,0,0,0,1,0,1,0,6855
0.68,0.631329,0.492917,0.195279,31,5,2012,0,1,0,0,0,1,0,0,0,0,1,0,0,0,0,0,0,0,1,0,0,0,0,0,1,0,0,0,1,1,0,0,7338
0.654167,0.607962,0.755417,0.237563,1,6,2012,0,1,0,0,0,1,0,0,0,0,0,1,0,0,0,0,0,0,1,0,0,0,0,0,0,1,0,0,1,0,1,0,4127
0.583333,0.566288,0.549167,0.186562,2,6,2012,0,1,0,0,0,1,0,0,0,0,0,1,0,0,0,0,0,0,1,0,0,0,0,0,0,0,1,1,0,1,0,0,8120
0.6025,0.575133,0.493333,0.184087,3,6,2012,0,1,0,0,0,1,0,0,0,0,0,1,0,0,0,0,0,0,1,0,1,0,0,0,0,0,0,1,0,1,0,0,7641
0.5975,0.578283,0.487083,0.284833,4,6,2012,0,1,0,0,0,1,0,0,0,0,0,1,0,0,0,0,0,0,1,0,0,1,0,0,0,0,0,0,1,1,0,0,6998
0.540833,0.525892,0.613333,0.209575,5,6,2012,0,1,0,0,0,1,0,0,0,0,0,1,0,0,0,0,0,0,1,0,0,0,1,0,0,0,0,0,1,0,1,0,7001
0.554167,0.542292,0.61125,0.077125,6,6,2012,0,1,0,0,0,1,0,0,0,0,0,1,0,0,0,0,0,0,1,0,0,0,0,1,0,0,0,0,1,1,0,0,7055
0.6025,0.569442,0.567083,0.15735,7,6,2012,0,1,0,0,0,1,0,0,0,0,0,1,0,0,0,0,0,0,1,0,0,0,0,0,1,0,0,0,1,1,0,0,7494
0.649167,0.597862,0.467917,0.175383,8,6,2012,0,1,0,0,0,1,0,0,0,0,0,1,0,0,0,0,0,0,1,0,0,0,0,0,0,1,0,0,1,1,0,0,7736
0.710833,0.648367,0.437083,0.144287,9,6,2012,0,1,0,0,0,1,0,0,0,0,0,1,0,0,0,0,0,0,1,0,0,0,0,0,0,0,1,1,0,1,0,0,7498
0.726667,0.663517,0.538333,0.133721,10,6,2012,0,1,0,0,0,1,0,0,0,0,0,1,0,0,0,0,0,0,1,0,1,0,0,0,0,0,0,1,0,1,0,0,6598
0.720833,0.659721,0.587917,0.207713,11,6,2012,0,1,0,0,0,1,0,0,0,0,0,1,0,0,0,0,0,0,1,0,0,1,0,0,0,0,0,0,1,0,1,0,6664
0.653333,0.597875,0.833333,0.214546,12,6,2012,0,1,0,0,0,1,0,0,0,0,0,1,0,0,0,0,0,0,1,0,0,0,1,0,0,0,0,0,1,0,1,0,4972
0.655833,0.611117,0.582083,0.343279,13,6,2012,0,1,0,0,0,1,0,0,0,0,0,1,0,0,0,0,0,0,1,0,0,0,0,1,0,0,0,0,1,1,0,0,7421
0.648333,0.624383,0.569583,0.253733,14,6,2012,0,1,0,0,0,1,0,0,0,0,0,1,0,0,0,0,0,0,1,0,0,0,0,0,1,0,0,0,1,1,0,0,7363
0.639167,0.599754,0.589583,0.176617,15,6,2012,0,1,0,0,0,1,0,0,0,0,0,1,0,0,0,0,0,0,1,0,0,0,0,0,0,1,0,0,1,1,0,0,7665
0.631667,0.594708,0.504167,0.166667,16,6,2012,0,1,0,0,0,1,0,0,0,0,0,1,0,0,0,0,0,0,1,0,0,0,0,0,0,0,1,1,0,1,0,0,7702
0.5925,0.571975,0.59875,0.144904,17,6,2012,0,1,0,0,0,1,0,0,0,0,0,1,0,0,0,0,0,0,1,0,1,0,0,0,0,0,0,1,0,1,0,0,6978
0.568333,0.544842,0.777917,0.174746,18,6,2012,0,1,0,0,0,1,0,0,0,0,0,1,0,0,0,0,0,0,1,0,0,1,0,0,0,0,0,0,1,0,1,0,5099
0.688333,0.654692,0.69,0.148017,19,6,2012,0,1,0,0,0,1,0,0,0,0,0,1,0,0,0,0,0,0,1,0,0,0,1,0,0,0,0,0,1,1,0,0,6825
0.7825,0.720975,0.592083,0.113812,20,6,2012,0,1,0,0,0,1,0,0,0,0,0,1,0,0,0,0,0,0,1,0,0,0,0,1,0,0,0,0,1,1,0,0,6211
0.805833,0.752542,0.567917,0.118787,21,6,2012,0,0,1,0,0,1,0,0,0,0,0,1,0,0,0,0,0,0,1,0,0,0,0,0,1,0,0,0,1,1,0,0,5905
0.7775,0.724121,0.57375,0.182842,22,6,2012,0,0,1,0,0,1,0,0,0,0,0,1,0,0,0,0,0,0,1,0,0,0,0,0,0,1,0,0,1,1,0,0,5823
0.731667,0.652792,0.534583,0.179721,23,6,2012,0,0,1,0,0,1,0,0,0,0,0,1,0,0,0,0,0,0,1,0,0,0,0,0,0,0,1,1,0,1,0,0,7458
0.743333,0.674254,0.479167,0.145525,24,6,2012,0,0,1,0,0,1,0,0,0,0,0,1,0,0,0,0,0,0,1,0,1,0,0,0,0,0,0,1,0,1,0,0,6891
0.715833,0.654042,0.504167,0.300383,25,6,2012,0,0,1,0,0,1,0,0,0,0,0,1,0,0,0,0,0,0,1,0,0,1,0,0,0,0,0,0,1,1,0,0,6779
0.630833,0.594704,0.373333,0.347642,26,6,2012,0,0,1,0,0,1,0,0,0,0,0,1,0,0,0,0,0,0,1,0,0,0,1,0,0,0,0,0,1,1,0,0,7442
0.6975,0.640792,0.36,0.271775,27,6,2012,0,0,1,0,0,1,0,0,0,0,0,1,0,0,0,0,0,0,1,0,0,0,0,1,0,0,0,0,1,1,0,0,7335
0.749167,0.675512,0.4225,0.17165,28,6,2012,0,0,1,0,0,1,0,0,0,0,0,1,0,0,0,0,0,0,1,0,0,0,0,0,1,0,0,0,1,1,0,0,6879
0.834167,0.786613,0.48875,0.165417,29,6,2012,0,0,1,0,0,1,0,0,0,0,0,1,0,0,0,0,0,0,1,0,0,0,0,0,0,1,0,0,1,1,0,0,5463
0.765,0.687508,0.60125,0.161071,30,6,2012,0,0,1,0,0,1,0,0,0,0,0,1,0,0,0,0,0,0,1,0,0,0,0,0,0,0,1,1,0,1,0,0,5687
0.815833,0.750629,0.51875,0.168529,1,7,2012,0,0,1,0,0,1,0,0,0,0,0,0,1,0,0,0,0,0,1,0,1,0,0,0,0,0,0,1,0,1,0,0,5531
0.781667,0.702038,0.447083,0.195267,2,7,2012,0,0,1,0,0,1,0,0,0,0,0,0,1,0,0,0,0,0,1,0,0,1,0,0,0,0,0,0,1,1,0,0,6227
0.780833,0.70265,0.492083,0.126237,3,7,2012,0,0,1,0,0,1,0,0,0,0,0,0,1,0,0,0,0,0,1,0,0,0,1,0,0,0,0,0,1,1,0,0,6660
0.789167,0.732337,0.53875,0.13495,4,7,2012,0,0,1,0,0,1,0,0,0,0,0,0,1,0,0,0,0,0,0,1,0,0,0,1,0,0,0,1,0,1,0,0,7403
0.8275,0.761367,0.457917,0.194029,5,7,2012,0,0,1,0,0,1,0,0,0,0,0,0,1,0,0,0,0,0,1,0,0,0,0,0,1,0,0,0,1,1,0,0,6241
0.828333,0.752533,0.450833,0.146142,6,7,2012,0,0,1,0,0,1,0,0,0,0,0,0,1,0,0,0,0,0,1,0,0,0,0,0,0,1,0,0,1,1,0,0,6207
0.861667,0.804913,0.492083,0.163554,7,7,2012,0,0,1,0,0,1,0,0,0,0,0,0,1,0,0,0,0,0,1,0,0,0,0,0,0,0,1,1,0,1,0,0,4840
0.8225,0.790396,0.57375,0.125629,8,7,2012,0,0,1,0,0,1,0,0,0,0,0,0,1,0,0,0,0,0,1,0,1,0,0,0,0,0,0,1,0,1,0,0,4672
0.710833,0.654054,0.683333,0.180975,9,7,2012,0,0,1,0,0,1,0,0,0,0,0,0,1,0,0,0,0,0,1,0,0,1,0,0,0,0,0,0,1,0,1,0,6569
0.720833,0.664796,0.6675,0.151737,10,7,2012,0,0,1,0,0,1,0,0,0,0,0,0,1,0,0,0,0,0,1,0,0,0,1,0,0,0,0,0,1,0,1,0,6290
0.716667,0.650271,0.633333,0.151733,11,7,2012,0,0,1,0,0,1,0,0,0,0,0,0,1,0,0,0,0,0,1,0,0,0,0,1,0,0,0,0,1,1,0,0,7264
0.715833,0.654683,0.529583,0.146775,12,7,2012,0,0,1,0,0,1,0,0,0,0,0,0,1,0,0,0,0,0,1,0,0,0,0,0,1,0,0,0,1,1,0,0,7446
0.731667,0.667933,0.485833,0.08085,13,7,2012,0,0,1,0,0,1,0,0,0,0,0,0,1,0,0,0,0,0,1,0,0,0,0,0,0,1,0,0,1,0,1,0,7499
0.703333,0.666042,0.699167,0.143679,14,7,2012,0,0,1,0,0,1,0,0,0,0,0,0,1,0,0,0,0,0,1,0,0,0,0,0,0,0,1,1,0,0,1,0,6969
0.745833,0.705196,0.717917,0.166667,15,7,2012,0,0,1,0,0,1,0,0,0,0,0,0,1,0,0,0,0,0,1,0,1,0,0,0,0,0,0,1,0,1,0,0,6031
0.763333,0.724125,0.645,0.164187,16,7,2012,0,0,1,0,0,1,0,0,0,0,0,0,1,0,0,0,0,0,1,0,0,1,0,0,0,0,0,0,1,1,0,0,6830
0.818333,0.755683,0.505833,0.114429,17,7,2012,0,0,1,0,0,1,0,0,0,0,0,0,1,0,0,0,0,0,1,0,0,0,1,0,0,0,0,0,1,1,0,0,6786
0.793333,0.745583,0.577083,0.137442,18,7,2012,0,0,1,0,0,1,0,0,0,0,0,0,1,0,0,0,0,0,1,0,0,0,0,1,0,0,0,0,1,1,0,0,5713
0.77,0.714642,0.600417,0.165429,19,7,2012,0,0,1,0,0,1,0,0,0,0,0,0,1,0,0,0,0,0,1,0,0,0,0,0,1,0,0,0,1,1,0,0,6591
0.665833,0.613025,0.844167,0.208967,20,7,2012,0,0,1,0,0,1,0,0,0,0,0,0,1,0,0,0,0,0,1,0,0,0,0,0,0,1,0,0,1,0,1,0,5870
0.595833,0.549912,0.865417,0.2133,21,7,2012,0,0,1,0,0,1,0,0,0,0,0,0,1,0,0,0,0,0,1,0,0,0,0,0,0,0,1,1,0,0,0,1,4459
0.6675,0.623125,0.7625,0.0939208,22,7,2012,0,0,1,0,0,1,0,0,0,0,0,0,1,0,0,0,0,0,1,0,1,0,0,0,0,0,0,1,0,0,1,0,7410
0.741667,0.690017,0.694167,0.138683,23,7,2012,0,0,1,0,0,1,0,0,0,0,0,0,1,0,0,0,0,0,1,0,0,1,0,0,0,0,0,0,1,1,0,0,6966
0.750833,0.70645,0.655,0.211454,24,7,2012,0,0,1,0,0,1,0,0,0,0,0,0,1,0,0,0,0,0,1,0,0,0,1,0,0,0,0,0,1,1,0,0,7592
0.724167,0.654054,0.45,0.1648,25,7,2012,0,0,1,0,0,1,0,0,0,0,0,0,1,0,0,0,0,0,1,0,0,0,0,1,0,0,0,0,1,1,0,0,8173
0.776667,0.739263,0.596667,0.284813,26,7,2012,0,0,1,0,0,1,0,0,0,0,0,0,1,0,0,0,0,0,1,0,0,0,0,0,1,0,0,0,1,1,0,0,6861
0.781667,0.734217,0.594583,0.152992,27,7,2012,0,0,1,0,0,1,0,0,0,0,0,0,1,0,0,0,0,0,1,0,0,0,0,0,0,1,0,0,1,1,0,0,6904
0.755833,0.697604,0.613333,0.15735,28,7,2012,0,0,1,0,0,1,0,0,0,0,0,0,1,0,0,0,0,0,1,0,0,0,0,0,0,0,1,1,0,1,0,0,6685
0.721667,0.667933,0.62375,0.170396,29,7,2012,0,0,1,0,0,1,0,0,0,0,0,0,1,0,0,0,0,0,1,0,1,0,0,0,0,0,0,1,0,1,0,0,6597
0.730833,0.684987,0.66875,0.153617,30,7,2012,0,0,1,0,0,1,0,0,0,0,0,0,1,0,0,0,0,0,1,0,0,1,0,0,0,0,0,0,1,1,0,0,7105
0.713333,0.662896,0.704167,0.165425,31,7,2012,0,0,1,0,0,1,0,0,0,0,0,0,1,0,0,0,0,0,1,0,0,0,1,0,0,0,0,0,1,1,0,0,7216
0.7175,0.667308,0.6775,0.141179,1,8,2012,0,0,1,0,0,1,0,0,0,0,0,0,0,1,0,0,0,0,1,0,0,0,0,1,0,0,0,0,1,1,0,0,7580
0.7525,0.707088,0.659583,0.129354,2,8,2012,0,0,1,0,0,1,0,0,0,0,0,0,0,1,0,0,0,0,1,0,0,0,0,0,1,0,0,0,1,1,0,0,7261
0.765833,0.722867,0.6425,0.215792,3,8,2012,0,0,1,0,0,1,0,0,0,0,0,0,0,1,0,0,0,0,1,0,0,0,0,0,0,1,0,0,1,0,1,0,7175
0.793333,0.751267,0.613333,0.257458,4,8,2012,0,0,1,0,0,1,0,0,0,0,0,0,0,1,0,0,0,0,1,0,0,0,0,0,0,0,1,1,0,1,0,0,6824
0.769167,0.731079,0.6525,0.290421,5,8,2012,0,0,1,0,0,1,0,0,0,0,0,0,0,1,0,0,0,0,1,0,1,0,0,0,0,0,0,1,0,1,0,0,5464
0.7525,0.710246,0.654167,0.129354,6,8,2012,0,0,1,0,0,1,0,0,0,0,0,0,0,1,0,0,0,0,1,0,0,1,0,0,0,0,0,0,1,0,1,0,7013
0.735833,0.697621,0.70375,0.116908,7,8,2012,0,0,1,0,0,1,0,0,0,0,0,0,0,1,0,0,0,0,1,0,0,0,1,0,0,0,0,0,1,0,1,0,7273
0.75,0.707717,0.672917,0.1107,8,8,2012,0,0,1,0,0,1,0,0,0,0,0,0,0,1,0,0,0,0,1,0,0,0,0,1,0,0,0,0,1,0,1,0,7534
0.755833,0.699508,0.620417,0.1561,9,8,2012,0,0,1,0,0,1,0,0,0,0,0,0,0,1,0,0,0,0,1,0,0,0,0,0,1,0,0,0,1,1,0,0,7286
0.715833,0.667942,0.715833,0.238813,10,8,2012,0,0,1,0,0,1,0,0,0,0,0,0,0,1,0,0,0,0,1,0,0,0,0,0,0,1,0,0,1,0,1,0,5786
0.6925,0.638267,0.732917,0.206479,11,8,2012,0,0,1,0,0,1,0,0,0,0,0,0,0,1,0,0,0,0,1,0,0,0,0,0,0,0,1,1,0,0,1,0,6299
0.700833,0.644579,0.530417,0.122512,12,8,2012,0,0,1,0,0,1,0,0,0,0,0,0,0,1,0,0,0,0,1,0,1,0,0,0,0,0,0,1,0,1,0,0,6544
0.720833,0.662254,0.545417,0.136212,13,8,2012,0,0,1,0,0,1,0,0,0,0,0,0,0,1,0,0,0,0,1,0,0,1,0,0,0,0,0,0,1,1,0,0,6883
0.726667,0.676779,0.686667,0.169158,14,8,2012,0,0,1,0,0,1,0,0,0,0,0,0,0,1,0,0,0,0,1,0,0,0,1,0,0,0,0,0,1,1,0,0,6784
0.706667,0.654037,0.619583,0.169771,15,8,2012,0,0,1,0,0,1,0,0,0,0,0,0,0,1,0,0,0,0,1,0,0,0,0,1,0,0,0,0,1,1,0,0,7347
0.719167,0.654688,0.519167,0.141796,16,8,2012,0,0,1,0,0,1,0,0,0,0,0,0,0,1,0,0,0,0,1,0,0,0,0,0,1,0,0,0,1,1,0,0,7605
0.723333,0.2424,0.570833,0.231354,17,8,2012,0,0,1,0,0,1,0,0,0,0,0,0,0,1,0,0,0,0,1,0,0,0,0,0,0,1,0,0,1,1,0,0,7148
0.678333,0.618071,0.603333,0.177867,18,8,2012,0,0,1,0,0,1,0,0,0,0,0,0,0,1,0,0,0,0,1,0,0,0,0,0,0,0,1,1,0,1,0,0,7865
0.635833,0.603554,0.711667,0.08645,19,8,2012,0,0,1,0,0,1,0,0,0,0,0,0,0,1,0,0,0,0,1,0,1,0,0,0,0,0,0,1,0,0,1,0,4549
0.635833,0.595967,0.734167,0.129979,20,8,2012,0,0,1,0,0,1,0,0,0,0,0,0,0,1,0,0,0,0,1,0,0,1,0,0,0,0,0,0,1,0,1,0,6530
0.649167,0.601025,0.67375,0.0727708,21,8,2012,0,0,1,0,0,1,0,0,0,0,0,0,0,1,0,0,0,0,1,0,0,0,1,0,0,0,0,0,1,1,0,0,7006
0.6675,0.621854,0.677083,0.0702833,22,8,2012,0,0,1,0,0,1,0,0,0,0,0,0,0,1,0,0,0,0,1,0,0,0,0,1,0,0,0,0,1,1,0,0,7375
0.695833,0.637008,0.635833,0.0845958,23,8,2012,0,0,1,0,0,1,0,0,0,0,0,0,0,1,0,0,0,0,1,0,0,0,0,0,1,0,0,0,1,1,0,0,7765
0.7025,0.6471,0.615,0.0721458,24,8,2012,0,0,1,0,0,1,0,0,0,0,0,0,0,1,0,0,0,0,1,0,0,0,0,0,0,1,0,0,1,0,1,0,7582
0.661667,0.618696,0.712917,0.244408,25,8,2012,0,0,1,0,0,1,0,0,0,0,0,0,0,1,0,0,0,0,1,0,0,0,0,0,0,0,1,1,0,0,1,0,6053
0.653333,0.595996,0.845833,0.228858,26,8,2012,0,0,1,0,0,1,0,0,0,0,0,0,0,1,0,0,0,0,1,0,1,0,0,0,0,0,0,1,0,0,1,0,5255
0.703333,0.654688,0.730417,0.128733,27,8,2012,0,0,1,0,0,1,0,0,0,0,0,0,0,1,0,0,0,0,1,0,0,1,0,0,0,0,0,0,1,1,0,0,6917
0.728333,0.66605,0.62,0.190925,28,8,2012,0,0,1,0,0,1,0,0,0,0,0,0,0,1,0,0,0,0,1,0,0,0,1,0,0,0,0,0,1,1,0,0,7040
0.685,0.635733,0.552083,0.112562,29,8,2012,0,0,1,0,0,1,0,0,0,0,0,0,0,1,0,0,0,0,1,0,0,0,0,1,0,0,0,0,1,1,0,0,7697
0.706667,0.652779,0.590417,0.0771167,30,8,2012,0,0,1,0,0,1,0,0,0,0,0,0,0,1,0,0,0,0,1,0,0,0,0,0,1,0,0,0,1,1,0,0,7713
0.764167,0.6894,0.5875,0.168533,31,8,2012,0,0,1,0,0,1,0,0,0,0,0,0,0,1,0,0,0,0,1,0,0,0,0,0,0,1,0,0,1,1,0,0,7350
0.753333,0.702654,0.638333,0.113187,1,9,2012,0,0,1,0,0,1,0,0,0,0,0,0,0,0,1,0,0,0,1,0,0,0,0,0,0,0,1,1,0,0,1,0,6140
0.696667,0.649,0.815,0.0640708,2,9,2012,0,0,1,0,0,1,0,0,0,0,0,0,0,0,1,0,0,0,1,0,1,0,0,0,0,0,0,1,0,0,1,0,5810
0.7075,0.661629,0.790833,0.151121,3,9,2012,0,0,1,0,0,1,0,0,0,0,0,0,0,0,1,0,0,0,0,1,0,1,0,0,0,0,0,1,0,1,0,0,6034
0.725833,0.686888,0.755,0.236321,4,9,2012,0,0,1,0,0,1,0,0,0,0,0,0,0,0,1,0,0,0,1,0,0,0,1,0,0,0,0,0,1,1,0,0,6864
0.736667,0.708983,0.74125,0.187808,5,9,2012,0,0,1,0,0,1,0,0,0,0,0,0,0,0,1,0,0,0,1,0,0,0,0,1,0,0,0,0,1,1,0,0,7112
0.696667,0.655329,0.810417,0.142421,6,9,2012,0,0,1,0,0,1,0,0,0,0,0,0,0,0,1,0,0,0,1,0,0,0,0,0,1,0,0,0,1,0,1,0,6203
0.703333,0.657204,0.73625,0.171646,7,9,2012,0,0,1,0,0,1,0,0,0,0,0,0,0,0,1,0,0,0,1,0,0,0,0,0,0,1,0,0,1,1,0,0,7504
0.659167,0.611121,0.799167,0.281104,8,9,2012,0,0,1,0,0,1,0,0,0,0,0,0,0,0,1,0,0,0,1,0,0,0,0,0,0,0,1,1,0,0,1,0,5976
0.61,0.578925,0.5475,0.224496,9,9,2012,0,0,1,0,0,1,0,0,0,0,0,0,0,0,1,0,0,0,1,0,1,0,0,0,0,0,0,1,0,1,0,0,8227
0.583333,0.565654,0.50375,0.258713,10,9,2012,0,0,1,0,0,1,0,0,0,0,0,0,0,0,1,0,0,0,1,0,0,1,0,0,0,0,0,0,1,1,0,0,7525
0.5775,0.554292,0.52,0.0920542,11,9,2012,0,0,1,0,0,1,0,0,0,0,0,0,0,0,1,0,0,0,1,0,0,0,1,0,0,0,0,0,1,1,0,0,7767
0.599167,0.570075,0.577083,0.131846,12,9,2012,0,0,1,0,0,1,0,0,0,0,0,0,0,0,1,0,0,0,1,0,0,0,0,1,0,0,0,0,1,1,0,0,7870
0.6125,0.579558,0.637083,0.0827208,13,9,2012,0,0,1,0,0,1,0,0,0,0,0,0,0,0,1,0,0,0,1,0,0,0,0,0,1,0,0,0,1,1,0,0,7804
0.633333,0.594083,0.6725,0.103863,14,9,2012,0,0,1,0,0,1,0,0,0,0,0,0,0,0,1,0,0,0,1,0,0,0,0,0,0,1,0,0,1,1,0,0,8009
0.608333,0.585867,0.501667,0.247521,15,9,2012,0,0,1,0,0,1,0,0,0,0,0,0,0,0,1,0,0,0,1,0,0,0,0,0,0,0,1,1,0,1,0,0,8714
0.58,0.563125,0.57,0.0901833,16,9,2012,0,0,1,0,0,1,0,0,0,0,0,0,0,0,1,0,0,0,1,0,1,0,0,0,0,0,0,1,0,1,0,0,7333
0.580833,0.55305,0.734583,0.151742,17,9,2012,0,0,1,0,0,1,0,0,0,0,0,0,0,0,1,0,0,0,1,0,0,1,0,0,0,0,0,0,1,0,1,0,6869
0.623333,0.565067,0.8725,0.357587,18,9,2012,0,0,1,0,0,1,0,0,0,0,0,0,0,0,1,0,0,0,1,0,0,0,1,0,0,0,0,0,1,0,1,0,4073
0.5525,0.540404,0.536667,0.215175,19,9,2012,0,0,1,0,0,1,0,0,0,0,0,0,0,0,1,0,0,0,1,0,0,0,0,1,0,0,0,0,1,1,0,0,7591
0.546667,0.532192,0.618333,0.118167,20,9,2012,0,0,1,0,0,1,0,0,0,0,0,0,0,0,1,0,0,0,1,0,0,0,0,0,1,0,0,0,1,1,0,0,7720
0.599167,0.571971,0.66875,0.154229,21,9,2012,0,0,1,0,0,1,0,0,0,0,0,0,0,0,1,0,0,0,1,0,0,0,0,0,0,1,0,0,1,1,0,0,8167
0.65,0.610488,0.646667,0.283583,22,9,2012,0,0,1,0,0,1,0,0,0,0,0,0,0,0,1,0,0,0,1,0,0,0,0,0,0,0,1,1,0,1,0,0,8395
0.529167,0.518933,0.467083,0.223258,23,9,2012,0,0,0,1,0,1,0,0,0,0,0,0,0,0,1,0,0,0,1,0,1,0,0,0,0,0,0,1,0,1,0,0,7907
0.514167,0.502513,0.492917,0.142404,24,9,2012,0,0,0,1,0,1,0,0,0,0,0,0,0,0,1,0,0,0,1,0,0,1,0,0,0,0,0,0,1,1,0,0,7436
0.55,0.544179,0.57,0.236321,25,9,2012,0,0,0,1,0,1,0,0,0,0,0,0,0,0,1,0,0,0,1,0,0,0,1,0,0,0,0,0,1,1,0,0,7538
0.635,0.596613,0.630833,0.2444,26,9,2012,0,0,0,1,0,1,0,0,0,0,0,0,0,0,1,0,0,0,1,0,0,0,0,1,0,0,0,0,1,1,0,0,7733
0.65,0.607975,0.690833,0.134342,27,9,2012,0,0,0,1,0,1,0,0,0,0,0,0,0,0,1,0,0,0,1,0,0,0,0,0,1,0,0,0,1,0,1,0,7393
0.619167,0.585863,0.69,0.164179,28,9,2012,0,0,0,1,0,1,0,0,0,0,0,0,0,0,1,0,0,0,1,0,0,0,0,0,0,1,0,0,1,0,1,0,7415
0.5425,0.530296,0.542917,0.227604,29,9,2012,0,0,0,1,0,1,0,0,0,0,0,0,0,0,1,0,0,0,1,0,0,0,0,0,0,0,1,1,0,1,0,0,8555
0.526667,0.517663,0.583333,0.134958,30,9,2012,0,0,0,1,0,1,0,0,0,0,0,0,0,0,1,0,0,0,1,0,1,0,0,0,0,0,0,1,0,1,0,0,6889
0.520833,0.512,0.649167,0.0908042,1,10,2012,0,0,0,1,0,1,0,0,0,0,0,0,0,0,0,1,0,0,1,0,0,1,0,0,0,0,0,0,1,0,1,0,6778
0.590833,0.542333,0.871667,0.104475,2,10,2012,0,0,0,1,0,1,0,0,0,0,0,0,0,0,0,1,0,0,1,0,0,0,1,0,0,0,0,0,1,0,0,1,4639
0.6575,0.599133,0.79375,0.0665458,3,10,2012,0,0,0,1,0,1,0,0,0,0,0,0,0,0,0,1,0,0,1,0,0,0,0,1,0,0,0,0,1,0,1,0,7572
0.6575,0.607975,0.722917,0.117546,4,10,2012,0,0,0,1,0,1,0,0,0,0,0,0,0,0,0,1,0,0,1,0,0,0,0,0,1,0,0,0,1,0,1,0,7328
0.615,0.580187,0.6275,0.10635,5,10,2012,0,0,0,1,0,1,0,0,0,0,0,0,0,0,0,1,0,0,1,0,0,0,0,0,0,1,0,0,1,1,0,0,8156
0.554167,0.538521,0.664167,0.268025,6,10,2012,0,0,0,1,0,1,0,0,0,0,0,0,0,0,0,1,0,0,1,0,0,0,0,0,0,0,1,1,0,1,0,0,7965
0.415833,0.419813,0.708333,0.141162,7,10,2012,0,0,0,1,0,1,0,0,0,0,0,0,0,0,0,1,0,0,1,0,1,0,0,0,0,0,0,1,0,0,1,0,3510
0.383333,0.387608,0.709583,0.189679,8,10,2012,0,0,0,1,0,1,0,0,0,0,0,0,0,0,0,1,0,0,0,1,0,1,0,0,0,0,0,1,0,0,1,0,5478
0.446667,0.438112,0.761667,0.1903,9,10,2012,0,0,0,1,0,1,0,0,0,0,0,0,0,0,0,1,0,0,1,0,0,0,1,0,0,0,0,0,1,0,1,0,6392
0.514167,0.503142,0.630833,0.187821,10,10,2012,0,0,0,1,0,1,0,0,0,0,0,0,0,0,0,1,0,0,1,0,0,0,0,1,0,0,0,0,1,1,0,0,7691
0.435,0.431167,0.463333,0.181596,11,10,2012,0,0,0,1,0,1,0,0,0,0,0,0,0,0,0,1,0,0,1,0,0,0,0,0,1,0,0,0,1,1,0,0,7570
0.4375,0.433071,0.539167,0.235092,12,10,2012,0,0,0,1,0,1,0,0,0,0,0,0,0,0,0,1,0,0,1,0,0,0,0,0,0,1,0,0,1,1,0,0,7282
0.393333,0.391396,0.494583,0.146142,13,10,2012,0,0,0,1,0,1,0,0,0,0,0,0,0,0,0,1,0,0,1,0,0,0,0,0,0,0,1,1,0,1,0,0,7109
0.521667,0.508204,0.640417,0.278612,14,10,2012,0,0,0,1,0,1,0,0,0,0,0,0,0,0,0,1,0,0,1,0,1,0,0,0,0,0,0,1,0,1,0,0,6639
0.561667,0.53915,0.7075,0.296037,15,10,2012,0,0,0,1,0,1,0,0,0,0,0,0,0,0,0,1,0,0,1,0,0,1,0,0,0,0,0,0,1,0,1,0,5875
0.468333,0.460846,0.558333,0.182221,16,10,2012,0,0,0,1,0,1,0,0,0,0,0,0,0,0,0,1,0,0,1,0,0,0,1,0,0,0,0,0,1,1,0,0,7534
0.455833,0.450108,0.692917,0.101371,17,10,2012,0,0,0,1,0,1,0,0,0,0,0,0,0,0,0,1,0,0,1,0,0,0,0,1,0,0,0,0,1,1,0,0,7461
0.5225,0.512625,0.728333,0.236937,18,10,2012,0,0,0,1,0,1,0,0,0,0,0,0,0,0,0,1,0,0,1,0,0,0,0,0,1,0,0,0,1,0,1,0,7509
0.563333,0.537896,0.815,0.134954,19,10,2012,0,0,0,1,0,1,0,0,0,0,0,0,0,0,0,1,0,0,1,0,0,0,0,0,0,1,0,0,1,0,1,0,5424
0.484167,0.472842,0.572917,0.117537,20,10,2012,0,0,0,1,0,1,0,0,0,0,0,0,0,0,0,1,0,0,1,0,0,0,0,0,0,0,1,1,0,1,0,0,8090
0.464167,0.456429,0.51,0.166054,21,10,2012,0,0,0,1,0,1,0,0,0,0,0,0,0,0,0,1,0,0,1,0,1,0,0,0,0,0,0,1,0,1,0,0,6824
0.4875,0.482942,0.568333,0.0814833,22,10,2012,0,0,0,1,0,1,0,0,0,0,0,0,0,0,0,1,0,0,1,0,0,1,0,0,0,0,0,0,1,1,0,0,7058
0.544167,0.530304,0.641667,0.0945458,23,10,2012,0,0,0,1,0,1,0,0,0,0,0,0,0,0,0,1,0,0,1,0,0,0,1,0,0,0,0,0,1,1,0,0,7466
0.5875,0.558721,0.63625,0.0727792,24,10,2012,0,0,0,1,0,1,0,0,0,0,0,0,0,0,0,1,0,0,1,0,0,0,0,1,0,0,0,0,1,1,0,0,7693
0.55,0.529688,0.800417,0.124375,25,10,2012,0,0,0,1,0,1,0,0,0,0,0,0,0,0,0,1,0,0,1,0,0,0,0,0,1,0,0,0,1,0,1,0,7359
0.545833,0.52275,0.807083,0.132467,26,10,2012,0,0,0,1,0,1,0,0,0,0,0,0,0,0,0,1,0,0,1,0,0,0,0,0,0,1,0,0,1,0,1,0,7444
0.53,0.515133,0.72,0.235692,27,10,2012,0,0,0,1,0,1,0,0,0,0,0,0,0,0,0,1,0,0,1,0,0,0,0,0,0,0,1,1,0,0,1,0,7852
0.4775,0.467771,0.694583,0.398008,28,10,2012,0,0,0,1,0,1,0,0,0,0,0,0,0,0,0,1,0,0,1,0,1,0,0,0,0,0,0,1,0,0,1,0,4459
0.44,0.4394,0.88,0.3582,29,10,2012,0,0,0,1,0,1,0,0,0,0,0,0,0,0,0,1,0,0,1,0,0,1,0,0,0,0,0,0,1,0,0,1,22
0.318182,0.309909,0.825455,0.213009,30,10,2012,0,0,0,1,0,1,0,0,0,0,0,0,0,0,0,1,0,0,1,0,0,0,1,0,0,0,0,0,1,0,1,0,1096
0.3575,0.3611,0.666667,0.166667,31,10,2012,0,0,0,1,0,1,0,0,0,0,0,0,0,0,0,1,0,0,1,0,0,0,0,1,0,0,0,0,1,0,1,0,5566
0.365833,0.369942,0.581667,0.157346,1,11,2012,0,0,0,1,0,1,0,0,0,0,0,0,0,0,0,0,1,0,1,0,0,0,0,0,1,0,0,0,1,0,1,0,5986
0.355,0.356042,0.522083,0.266175,2,11,2012,0,0,0,1,0,1,0,0,0,0,0,0,0,0,0,0,1,0,1,0,0,0,0,0,0,1,0,0,1,1,0,0,5847
0.343333,0.323846,0.49125,0.270529,3,11,2012,0,0,0,1,0,1,0,0,0,0,0,0,0,0,0,0,1,0,1,0,0,0,0,0,0,0,1,1,0,0,1,0,5138
0.325833,0.329538,0.532917,0.179108,4,11,2012,0,0,0,1,0,1,0,0,0,0,0,0,0,0,0,0,1,0,1,0,1,0,0,0,0,0,0,1,0,1,0,0,5107
0.319167,0.308075,0.494167,0.236325,5,11,2012,0,0,0,1,0,1,0,0,0,0,0,0,0,0,0,0,1,0,1,0,0,1,0,0,0,0,0,0,1,1,0,0,5259
0.280833,0.281567,0.567083,0.173513,6,11,2012,0,0,0,1,0,1,0,0,0,0,0,0,0,0,0,0,1,0,1,0,0,0,1,0,0,0,0,0,1,1,0,0,5686
0.295833,0.274621,0.5475,0.304108,7,11,2012,0,0,0,1,0,1,0,0,0,0,0,0,0,0,0,0,1,0,1,0,0,0,0,1,0,0,0,0,1,0,1,0,5035
0.352174,0.341891,0.333478,0.347835,8,11,2012,0,0,0,1,0,1,0,0,0,0,0,0,0,0,0,0,1,0,1,0,0,0,0,0,1,0,0,0,1,1,0,0,5315
0.361667,0.355413,0.540833,0.214558,9,11,2012,0,0,0,1,0,1,0,0,0,0,0,0,0,0,0,0,1,0,1,0,0,0,0,0,0,1,0,0,1,1,0,0,5992
0.389167,0.393937,0.645417,0.0578458,10,11,2012,0,0,0,1,0,1,0,0,0,0,0,0,0,0,0,0,1,0,1,0,0,0,0,0,0,0,1,1,0,1,0,0,6536
0.420833,0.421713,0.659167,0.1275,11,11,2012,0,0,0,1,0,1,0,0,0,0,0,0,0,0,0,0,1,0,1,0,1,0,0,0,0,0,0,1,0,1,0,0,6852
0.485,0.475383,0.741667,0.173517,12,11,2012,0,0,0,1,0,1,0,0,0,0,0,0,0,0,0,0,1,0,0,1,0,1,0,0,0,0,0,1,0,1,0,0,6269
0.343333,0.323225,0.662917,0.342046,13,11,2012,0,0,0,1,0,1,0,0,0,0,0,0,0,0,0,0,1,0,1,0,0,0,1,0,0,0,0,0,1,0,1,0,4094
0.289167,0.281563,0.552083,0.199625,14,11,2012,0,0,0,1,0,1,0,0,0,0,0,0,0,0,0,0,1,0,1,0,0,0,0,1,0,0,0,0,1,1,0,0,5495
0.321667,0.324492,0.620417,0.152987,15,11,2012,0,0,0,1,0,1,0,0,0,0,0,0,0,0,0,0,1,0,1,0,0,0,0,0,1,0,0,0,1,0,1,0,5445
0.345,0.347204,0.524583,0.171025,16,11,2012,0,0,0,1,0,1,0,0,0,0,0,0,0,0,0,0,1,0,1,0,0,0,0,0,0,1,0,0,1,1,0,0,5698
0.325,0.326383,0.545417,0.179729,17,11,2012,0,0,0,1,0,1,0,0,0,0,0,0,0,0,0,0,1,0,1,0,0,0,0,0,0,0,1,1,0,1,0,0,5629
0.3425,0.337746,0.692917,0.227612,18,11,2012,0,0,0,1,0,1,0,0,0,0,0,0,0,0,0,0,1,0,1,0,1,0,0,0,0,0,0,1,0,1,0,0,4669
0.380833,0.375621,0.623333,0.235067,19,11,2012,0,0,0,1,0,1,0,0,0,0,0,0,0,0,0,0,1,0,1,0,0,1,0,0,0,0,0,0,1,0,1,0,5499
0.374167,0.380667,0.685,0.082725,20,11,2012,0,0,0,1,0,1,0,0,0,0,0,0,0,0,0,0,1,0,1,0,0,0,1,0,0,0,0,0,1,0,1,0,5634
0.353333,0.364892,0.61375,0.103246,21,11,2012,0,0,0,1,0,1,0,0,0,0,0,0,0,0,0,0,1,0,1,0,0,0,0,1,0,0,0,0,1,1,0,0,5146
0.34,0.350371,0.580417,0.0528708,22,11,2012,0,0,0,1,0,1,0,0,0,0,0,0,0,0,0,0,1,0,0,1,0,0,0,0,1,0,0,1,0,1,0,0,2425
0.368333,0.378779,0.56875,0.148021,23,11,2012,0,0,0,1,0,1,0,0,0,0,0,0,0,0,0,0,1,0,1,0,0,0,0,0,0,1,0,0,1,1,0,0,3910
0.278333,0.248742,0.404583,0.376871,24,11,2012,0,0,0,1,0,1,0,0,0,0,0,0,0,0,0,0,1,0,1,0,0,0,0,0,0,0,1,1,0,1,0,0,2277
0.245833,0.257583,0.468333,0.1505,25,11,2012,0,0,0,1,0,1,0,0,0,0,0,0,0,0,0,0,1,0,1,0,1,0,0,0,0,0,0,1,0,1,0,0,2424
0.313333,0.339004,0.535417,0.04665,26,11,2012,0,0,0,1,0,1,0,0,0,0,0,0,0,0,0,0,1,0,1,0,0,1,0,0,0,0,0,0,1,1,0,0,5087
0.291667,0.281558,0.786667,0.237562,27,11,2012,0,0,0,1,0,1,0,0,0,0,0,0,0,0,0,0,1,0,1,0,0,0,1,0,0,0,0,0,1,0,1,0,3959
0.296667,0.289762,0.50625,0.210821,28,11,2012,0,0,0,1,0,1,0,0,0,0,0,0,0,0,0,0,1,0,1,0,0,0,0,1,0,0,0,0,1,1,0,0,5260
0.28087,0.298422,0.555652,0.115522,29,11,2012,0,0,0,1,0,1,0,0,0,0,0,0,0,0,0,0,1,0,1,0,0,0,0,0,1,0,0,0,1,1,0,0,5323
0.298333,0.323867,0.649583,0.0584708,30,11,2012,0,0,0,1,0,1,0,0,0,0,0,0,0,0,0,0,1,0,1,0,0,0,0,0,0,1,0,0,1,1,0,0,5668
0.298333,0.316904,0.806667,0.0597042,1,12,2012,0,0,0,1,0,1,0,0,0,0,0,0,0,0,0,0,0,1,1,0,0,0,0,0,0,0,1,1,0,0,1,0,5191
0.3475,0.359208,0.823333,0.124379,2,12,2012,0,0,0,1,0,1,0,0,0,0,0,0,0,0,0,0,0,1,1,0,1,0,0,0,0,0,0,1,0,0,1,0,4649
0.4525,0.455796,0.7675,0.0827208,3,12,2012,0,0,0,1,0,1,0,0,0,0,0,0,0,0,0,0,0,1,1,0,0,1,0,0,0,0,0,0,1,1,0,0,6234
0.475833,0.469054,0.73375,0.174129,4,12,2012,0,0,0,1,0,1,0,0,0,0,0,0,0,0,0,0,0,1,1,0,0,0,1,0,0,0,0,0,1,1,0,0,6606
0.438333,0.428012,0.485,0.324021,5,12,2012,0,0,0,1,0,1,0,0,0,0,0,0,0,0,0,0,0,1,1,0,0,0,0,1,0,0,0,0,1,1,0,0,5729
0.255833,0.258204,0.50875,0.174754,6,12,2012,0,0,0,1,0,1,0,0,0,0,0,0,0,0,0,0,0,1,1,0,0,0,0,0,1,0,0,0,1,1,0,0,5375
0.320833,0.321958,0.764167,0.1306,7,12,2012,0,0,0,1,0,1,0,0,0,0,0,0,0,0,0,0,0,1,1,0,0,0,0,0,0,1,0,0,1,0,1,0,5008
0.381667,0.389508,0.91125,0.101379,8,12,2012,0,0,0,1,0,1,0,0,0,0,0,0,0,0,0,0,0,1,1,0,0,0,0,0,0,0,1,1,0,0,1,0,5582
0.384167,0.390146,0.905417,0.157975,9,12,2012,0,0,0,1,0,1,0,0,0,0,0,0,0,0,0,0,0,1,1,0,1,0,0,0,0,0,0,1,0,0,1,0,3228
0.435833,0.435575,0.925,0.190308,10,12,2012,0,0,0,1,0,1,0,0,0,0,0,0,0,0,0,0,0,1,1,0,0,1,0,0,0,0,0,0,1,0,1,0,5170
0.353333,0.338363,0.596667,0.296037,11,12,2012,0,0,0,1,0,1,0,0,0,0,0,0,0,0,0,0,0,1,1,0,0,0,1,0,0,0,0,0,1,0,1,0,5501
0.2975,0.297338,0.538333,0.162937,12,12,2012,0,0,0,1,0,1,0,0,0,0,0,0,0,0,0,0,0,1,1,0,0,0,0,1,0,0,0,0,1,0,1,0,5319
0.295833,0.294188,0.485833,0.174129,13,12,2012,0,0,0,1,0,1,0,0,0,0,0,0,0,0,0,0,0,1,1,0,0,0,0,0,1,0,0,0,1,1,0,0,5532
0.281667,0.294192,0.642917,0.131229,14,12,2012,0,0,0,1,0,1,0,0,0,0,0,0,0,0,0,0,0,1,1,0,0,0,0,0,0,1,0,0,1,1,0,0,5611
0.324167,0.338383,0.650417,0.10635,15,12,2012,0,0,0,1,0,1,0,0,0,0,0,0,0,0,0,0,0,1,1,0,0,0,0,0,0,0,1,1,0,1,0,0,5047
0.3625,0.369938,0.83875,0.100742,16,12,2012,0,0,0,1,0,1,0,0,0,0,0,0,0,0,0,0,0,1,1,0,1,0,0,0,0,0,0,1,0,0,1,0,3786
0.393333,0.4015,0.907083,0.0982583,17,12,2012,0,0,0,1,0,1,0,0,0,0,0,0,0,0,0,0,0,1,1,0,0,1,0,0,0,0,0,0,1,0,1,0,4585
0.410833,0.409708,0.66625,0.221404,18,12,2012,0,0,0,1,0,1,0,0,0,0,0,0,0,0,0,0,0,1,1,0,0,0,1,0,0,0,0,0,1,1,0,0,5557
0.3325,0.342162,0.625417,0.184092,19,12,2012,0,0,0,1,0,1,0,0,0,0,0,0,0,0,0,0,0,1,1,0,0,0,0,1,0,0,0,0,1,1,0,0,5267
0.33,0.335217,0.667917,0.132463,20,12,2012,0,0,0,1,0,1,0,0,0,0,0,0,0,0,0,0,0,1,1,0,0,0,0,0,1,0,0,0,1,0,1,0,4128
0.326667,0.301767,0.556667,0.374383,21,12,2012,1,0,0,0,0,1,0,0,0,0,0,0,0,0,0,0,0,1,1,0,0,0,0,0,0,1,0,0,1,0,1,0,3623
0.265833,0.236113,0.44125,0.407346,22,12,2012,1,0,0,0,0,1,0,0,0,0,0,0,0,0,0,0,0,1,1,0,0,0,0,0,0,0,1,1,0,1,0,0,1749
0.245833,0.259471,0.515417,0.133083,23,12,2012,1,0,0,0,0,1,0,0,0,0,0,0,0,0,0,0,0,1,1,0,1,0,0,0,0,0,0,1,0,1,0,0,1787
0.231304,0.2589,0.791304,0.0772304,24,12,2012,1,0,0,0,0,1,0,0,0,0,0,0,0,0,0,0,0,1,1,0,0,1,0,0,0,0,0,0,1,0,1,0,920
0.291304,0.294465,0.734783,0.168726,25,12,2012,1,0,0,0,0,1,0,0,0,0,0,0,0,0,0,0,0,1,0,1,0,0,1,0,0,0,0,1,0,0,1,0,1013
0.243333,0.220333,0.823333,0.316546,26,12,2012,1,0,0,0,0,1,0,0,0,0,0,0,0,0,0,0,0,1,1,0,0,0,0,1,0,0,0,0,1,0,0,1,441
0.254167,0.226642,0.652917,0.350133,27,12,2012,1,0,0,0,0,1,0,0,0,0,0,0,0,0,0,0,0,1,1,0,0,0,0,0,1,0,0,0,1,0,1,0,2114
0.253333,0.255046,0.59,0.155471,28,12,2012,1,0,0,0,0,1,0,0,0,0,0,0,0,0,0,0,0,1,1,0,0,0,0,0,0,1,0,0,1,0,1,0,3095
0.253333,0.2424,0.752917,0.124383,29,12,2012,1,0,0,0,0,1,0,0,0,0,0,0,0,0,0,0,0,1,1,0,0,0,0,0,0,0,1,1,0,0,1,0,1341
0.255833,0.2317,0.483333,0.350754,30,12,2012,1,0,0,0,0,1,0,0,0,0,0,0,0,0,0,0,0,1,1,0,1,0,0,0,0,0,0,1,0,1,0,0,1796
0.215833,0.223487,0.5775,0.154846,31,12,2012,1,0,0,0,0,1,0,0,0,0,0,0,0,0,0,0,0,1,1,0,0,1,0,0,0,0,0,0,1,0,1,0,2729
